-- Dumping structure for table mangos.player_premade_item
CREATE TABLE IF NOT EXISTS `player_premade_item` (
  `entry` int(10) unsigned NOT NULL,
  `item` int(10) unsigned NOT NULL,
  `enchant` int(10) unsigned NOT NULL DEFAULT 0,
  `team` int(10) unsigned NOT NULL DEFAULT 0
) ENGINE=InnoDB DEFAULT CHARSET=utf8mb3 COLLATE=utf8mb3_unicode_ci;

-- Dumping data for table mangos.player_premade_item: ~2,181 rows (approximately)
INSERT IGNORE `player_premade_item` (`entry`, `item`, `enchant`, `team`) VALUES
	(1, 12640, 1506, 0),
	(1, 15411, 0, 0),
	(1, 12927, 2488, 0),
	(1, 13340, 849, 0),
	(1, 11726, 1891, 0),
	(1, 12936, 1885, 0),
	(1, 15063, 927, 0),
	(1, 13142, 0, 0),
	(1, 15062, 1506, 0),
	(1, 12555, 911, 0),
	(1, 17713, 0, 0),
	(1, 18500, 0, 0),
	(1, 11815, 0, 0),
	(1, 13965, 0, 0),
	(1, 11684, 1900, 0),
	(1, 15806, 1900, 0),
	(1, 12651, 664, 0),
	(2, 12640, 1506, 0),
	(2, 15411, 0, 0),
	(2, 12927, 2488, 0),
	(2, 13340, 849, 0),
	(2, 11726, 1891, 0),
	(2, 12936, 1885, 0),
	(2, 13957, 927, 0),
	(2, 13959, 0, 0),
	(2, 14554, 1506, 0),
	(2, 14616, 1887, 0),
	(2, 13098, 0, 0),
	(2, 12548, 469, 0),
	(2, 17713, 67, 0),
	(2, 11815, 0, 0),
	(2, 13965, 0, 0),
	(2, 12784, 1900, 0),
	(3, 13404, 1508, 0),
	(3, 15411, 0, 0),
	(3, 12927, 2488, 0),
	(3, 13340, 849, 0),
	(3, 11726, 1891, 0),
	(3, 13211, 247, 0),
	(3, 15062, 1508, 0),
	(3, 15063, 1887, 0),
	(3, 12634, 0, 0),
	(3, 16675, 1887, 0),
	(3, 17713, 0, 0),
	(3, 13098, 0, 0),
	(3, 13965, 0, 0),
	(3, 11815, 0, 0),
	(3, 12940, 1897, 0),
	(3, 12939, 1897, 0),
	(3, 2099, 664, 0),
	(4, 13404, 1508, 0),
	(4, 15411, 0, 0),
	(4, 12927, 2488, 0),
	(4, 13340, 849, 0),
	(4, 14637, 1891, 0),
	(4, 13120, 1885, 0),
	(4, 15062, 1508, 0),
	(4, 15063, 1887, 0),
	(4, 13252, 0, 0),
	(4, 12553, 1887, 0),
	(4, 17713, 0, 0),
	(4, 13098, 0, 0),
	(4, 11815, 0, 0),
	(4, 13965, 0, 0),
	(4, 12940, 1897, 0),
	(4, 12939, 1900, 0),
	(4, 12651, 664, 0),
	(5, 14111, 1509, 0),
	(5, 12103, 0, 0),
	(5, 14112, 2488, 0),
	(5, 15421, 1888, 0),
	(5, 14136, 1891, 0),
	(5, 11766, 1883, 0),
	(5, 13170, 1509, 0),
	(5, 13253, 930, 0),
	(5, 11662, 0, 0),
	(5, 11822, 911, 0),
	(5, 12543, 0, 469),
	(5, 12545, 0, 67),
	(5, 13001, 0, 0),
	(5, 12930, 0, 0),
	(5, 11832, 0, 0),
	(5, 13349, 2504, 0),
	(5, 11904, 0, 0),
	(5, 13396, 0, 0),
	(6, 12752, 2544, 0),
	(6, 12103, 0, 0),
	(6, 13133, 2488, 0),
	(6, 11623, 1888, 0),
	(6, 12624, 1891, 0),
	(6, 11765, 1883, 0),
	(6, 13170, 2544, 0),
	(6, 13253, 930, 0),
	(6, 11662, 0, 0),
	(6, 13954, 911, 0),
	(6, 13001, 0, 0),
	(6, 12545, 0, 67),
	(6, 11824, 0, 469),
	(6, 12930, 0, 0),
	(6, 13968, 0, 0),
	(6, 13161, 2504, 0),
	(7, 14332, 1509, 0),
	(7, 12103, 0, 0),
	(7, 11782, 2488, 0),
	(7, 13386, 1888, 0),
	(7, 14152, 1891, 0),
	(7, 11766, 1883, 0),
	(7, 13170, 1509, 0),
	(7, 13253, 930, 0),
	(7, 11662, 0, 0),
	(7, 11822, 911, 0),
	(7, 942, 0, 0),
	(7, 942, 0, 0),
	(7, 12930, 0, 0),
	(7, 13968, 0, 0),
	(7, 13964, 2443, 0),
	(7, 10796, 0, 0),
	(7, 13938, 0, 0),
	(8, 12752, 1509, 0),
	(8, 12103, 0, 0),
	(8, 14112, 2488, 0),
	(8, 10249, 1888, 0),
	(8, 14153, 1891, 0),
	(8, 10248, 1883, 0),
	(8, 13170, 1509, 0),
	(8, 14146, 930, 0),
	(8, 11662, 0, 0),
	(8, 11822, 911, 0),
	(8, 12543, 0, 469),
	(8, 12545, 0, 67),
	(8, 13001, 0, 0),
	(8, 13968, 0, 0),
	(8, 12930, 0, 0),
	(8, 17719, 0, 0),
	(8, 10796, 0, 0),
	(8, 13396, 0, 0),
	(9, 10504, 1509, 0),
	(9, 12103, 0, 0),
	(9, 13013, 2488, 0),
	(9, 11623, 1888, 0),
	(9, 11924, 1891, 0),
	(9, 11766, 1883, 0),
	(9, 13170, 1509, 0),
	(9, 13253, 930, 0),
	(9, 11662, 0, 0),
	(9, 11822, 911, 0),
	(9, 12543, 0, 469),
	(9, 12545, 0, 67),
	(9, 13001, 0, 0),
	(9, 12930, 0, 0),
	(9, 13968, 0, 0),
	(9, 13964, 0, 0),
	(9, 10796, 0, 0),
	(10, 12633, 1509, 0),
	(10, 13141, 0, 0),
	(10, 12625, 2488, 0),
	(10, 11623, 1888, 0),
	(10, 13346, 1891, 0),
	(10, 13969, 1883, 0),
	(10, 13170, 1509, 0),
	(10, 12554, 930, 0),
	(10, 14553, 0, 0),
	(10, 13954, 911, 0),
	(10, 16058, 0, 0),
	(10, 13178, 0, 0),
	(10, 11819, 0, 0),
	(10, 12930, 0, 0),
	(10, 11923, 2505, 0),
	(10, 11928, 0, 0),
	(11, 13102, 1509, 0),
	(11, 13141, 0, 0),
	(11, 13013, 2488, 0),
	(11, 13386, 1888, 0),
	(11, 14154, 1891, 0),
	(11, 13107, 1884, 0),
	(11, 13170, 1509, 0),
	(11, 12554, 930, 0),
	(11, 12589, 0, 0),
	(11, 11822, 911, 0),
	(11, 16058, 0, 0),
	(11, 13001, 0, 0),
	(11, 11819, 0, 0),
	(11, 12930, 0, 0),
	(11, 11923, 2505, 0),
	(11, 11928, 0, 0),
	(11, 13938, 0, 0),
	(12, 13216, 1509, 0),
	(12, 13141, 0, 0),
	(12, 14548, 2488, 0),
	(12, 13386, 1888, 0),
	(12, 13346, 1891, 0),
	(12, 13969, 1883, 0),
	(12, 11841, 1509, 0),
	(12, 12554, 930, 0),
	(12, 14553, 0, 0),
	(12, 11822, 911, 0),
	(12, 16058, 0, 0),
	(12, 13178, 0, 0),
	(12, 12930, 0, 0),
	(12, 11819, 0, 0),
	(12, 11923, 2505, 0),
	(12, 17718, 929, 0),
	(13, 13102, 1483, 0),
	(13, 13141, 0, 0),
	(13, 15061, 2488, 0),
	(13, 13386, 1888, 0),
	(13, 13346, 1891, 0),
	(13, 13208, 1884, 0),
	(13, 12554, 930, 0),
	(13, 14553, 0, 0),
	(13, 11841, 1483, 0),
	(13, 13954, 911, 0),
	(13, 13143, 0, 0),
	(13, 13178, 0, 0),
	(13, 12930, 0, 0),
	(13, 11819, 0, 0),
	(13, 11923, 2505, 0),
	(13, 11928, 0, 0),
	(14, 12640, 1503, 0),
	(14, 13091, 0, 0),
	(14, 16733, 2488, 0),
	(14, 13397, 1889, 0),
	(14, 11726, 1891, 0),
	(14, 16735, 1886, 0),
	(14, 13072, 1887, 0),
	(14, 13142, 0, 0),
	(14, 14554, 1503, 0),
	(14, 13259, 911, 0),
	(14, 2246, 0, 0),
	(14, 17713, 0, 0),
	(14, 11815, 0, 0),
	(14, 17774, 0, 0),
	(14, 13015, 1900, 67),
	(14, 15806, 1900, 469),
	(14, 12602, 929, 0),
	(14, 12651, 664, 0),
	(15, 871, 1900, 0),
	(15, 1168, 863, 0),
	(15, 11746, 1503, 0),
	(15, 14623, 1503, 0),
	(15, 15413, 1891, 0),
	(15, 14552, 2488, 0),
	(15, 14622, 1887, 0),
	(15, 13951, 923, 0),
	(15, 11930, 1889, 0),
	(15, 13091, 0, 0),
	(15, 14621, 911, 0),
	(15, 14620, 0, 0),
	(15, 11669, 0, 0),
	(15, 15855, 0, 0),
	(15, 11810, 0, 0),
	(15, 17774, 0, 0),
	(16, 13404, 1508, 0),
	(16, 11755, 0, 0),
	(16, 12927, 2488, 0),
	(16, 12551, 849, 0),
	(16, 12757, 1891, 0),
	(16, 12966, 1886, 0),
	(16, 15063, 1887, 0),
	(16, 14502, 0, 0),
	(16, 15062, 1508, 0),
	(16, 14641, 1887, 0),
	(16, 15855, 0, 0),
	(16, 12544, 0, 67),
	(16, 11669, 0, 469),
	(16, 11811, 0, 0),
	(16, 13966, 0, 0),
	(16, 943, 2646, 0),
	(17, 21677, 0, 0),
	(17, 19406, 0, 0),
	(17, 23041, 0, 0),
	(17, 23045, 849, 0),
	(17, 23054, 1900, 0),
	(17, 23577, 1900, 0),
	(17, 22811, 664, 0),
	(17, 23038, 0, 0),
	(17, 21581, 2564, 0),
	(17, 22936, 1885, 0),
	(17, 12640, 1506, 0),
	(17, 23053, 0, 0),
	(17, 21330, 2717, 0),
	(17, 23000, 1891, 0),
	(17, 23219, 0, 0),
	(17, 23068, 1506, 0),
	(17, 19387, 911, 0),
	(18, 23038, 0, 0),
	(18, 21677, 0, 0),
	(18, 22321, 0, 0),
	(18, 19289, 0, 0),
	(18, 23045, 849, 0),
	(18, 22691, 1900, 0),
	(18, 23203, 0, 0),
	(18, 21623, 2564, 0),
	(18, 22936, 1885, 0),
	(18, 21387, 1506, 0),
	(18, 18404, 0, 0),
	(18, 21391, 2717, 0),
	(18, 21389, 1891, 0),
	(18, 23219, 0, 0),
	(18, 21390, 1506, 0),
	(18, 21388, 1887, 0),
	(19, 22961, 0, 0),
	(19, 23041, 0, 0),
	(19, 19406, 0, 0),
	(19, 23045, 849, 0),
	(19, 22816, 2564, 0),
	(19, 22802, 2564, 0),
	(19, 22812, 664, 0),
	(19, 23067, 0, 0),
	(19, 22441, 2564, 0),
	(19, 22443, 247, 0),
	(19, 22438, 2586, 0),
	(19, 23053, 0, 0),
	(19, 22439, 2717, 0),
	(19, 22436, 1891, 0),
	(19, 22442, 0, 0),
	(19, 22437, 2586, 0),
	(19, 22440, 911, 0),
	(20, 23038, 0, 0),
	(20, 23041, 0, 0),
	(20, 22954, 0, 0),
	(20, 23045, 849, 0),
	(20, 23054, 1900, 0),
	(20, 23577, 1900, 0),
	(20, 22812, 664, 0),
	(20, 23060, 0, 0),
	(20, 22481, 2564, 0),
	(20, 22483, 1885, 0),
	(20, 22478, 2585, 0),
	(20, 19377, 0, 0),
	(20, 22479, 2717, 0),
	(20, 22476, 1891, 0),
	(20, 22482, 0, 0),
	(20, 22477, 2585, 0),
	(20, 22480, 1887, 0),
	(21, 21210, 0, 0),
	(21, 19379, 0, 0),
	(21, 23046, 0, 0),
	(21, 22731, 2621, 0),
	(21, 22988, 2504, 0),
	(21, 23049, 0, 0),
	(21, 22821, 0, 0),
	(21, 21709, 0, 0),
	(21, 21585, 2614, 0),
	(21, 21611, 2565, 0),
	(21, 23035, 2544, 0),
	(21, 18814, 0, 0),
	(21, 22983, 2721, 0),
	(21, 23220, 1891, 0),
	(21, 19400, 0, 0),
	(21, 19133, 2544, 0),
	(21, 19131, 911, 0),
	(22, 21709, 0, 0),
	(22, 19379, 0, 0),
	(22, 23046, 0, 0),
	(22, 23050, 1888, 0),
	(22, 22988, 2504, 0),
	(22, 23049, 0, 0),
	(22, 23199, 0, 0),
	(22, 21707, 0, 0),
	(22, 21585, 2615, 0),
	(22, 21464, 1883, 0),
	(22, 19375, 2587, 0),
	(22, 22943, 0, 0),
	(22, 21376, 2605, 0),
	(22, 21671, 1891, 0),
	(22, 22730, 0, 0),
	(22, 21375, 2587, 0),
	(22, 21373, 911, 0),
	(23, 23237, 0, 0),
	(23, 19379, 0, 0),
	(23, 23046, 0, 0),
	(23, 23050, 2621, 0),
	(23, 22807, 2504, 0),
	(23, 23049, 0, 0),
	(23, 22821, 0, 0),
	(23, 23062, 0, 0),
	(23, 21585, 2616, 0),
	(23, 23021, 1883, 0),
	(23, 22498, 2588, 0),
	(23, 23057, 0, 0),
	(23, 22983, 2721, 0),
	(23, 22496, 1891, 0),
	(23, 22730, 0, 0),
	(23, 23070, 2544, 0),
	(23, 22500, 911, 0),
	(24, 23025, 0, 0),
	(24, 19379, 0, 0),
	(24, 23046, 0, 0),
	(24, 23050, 2621, 0),
	(24, 22807, 2504, 0),
	(24, 23049, 0, 0),
	(24, 22821, 0, 0),
	(24, 21709, 0, 0),
	(24, 21585, 2614, 0),
	(24, 21186, 1883, 0),
	(24, 22506, 2589, 0),
	(24, 23057, 0, 0),
	(24, 22507, 2605, 0),
	(24, 22504, 1891, 0),
	(24, 22730, 0, 0),
	(24, 23070, 2589, 0),
	(24, 22508, 911, 0),
	(25, 23025, 0, 0),
	(25, 21709, 0, 0),
	(25, 19379, 0, 0),
	(25, 23046, 0, 0),
	(25, 23050, 1888, 0),
	(25, 22988, 2504, 0),
	(25, 23049, 0, 0),
	(25, 21585, 2617, 0),
	(25, 23021, 1883, 0),
	(25, 19684, 911, 0),
	(25, 19683, 1509, 0),
	(25, 22730, 0, 0),
	(25, 19682, 1891, 0),
	(25, 22983, 2721, 0),
	(25, 23057, 0, 0),
	(25, 19375, 1509, 0),
	(25, 23197, 0, 0),
	(26, 19382, 0, 0),
	(26, 19395, 0, 0),
	(26, 23047, 0, 0),
	(26, 23050, 2621, 0),
	(26, 23056, 2505, 0),
	(26, 23075, 929, 0),
	(26, 23006, 0, 0),
	(26, 23066, 0, 0),
	(26, 20264, 2617, 0),
	(26, 21604, 1883, 0),
	(26, 19375, 2584, 0),
	(26, 23057, 0, 0),
	(26, 22429, 2715, 0),
	(26, 22425, 1891, 0),
	(26, 21582, 0, 0),
	(26, 22427, 2584, 0),
	(26, 22430, 911, 0),
	(27, 22939, 0, 0),
	(27, 23027, 0, 0),
	(27, 23047, 0, 0),
	(27, 22960, 1888, 0),
	(27, 23056, 2505, 0),
	(27, 23048, 0, 0),
	(27, 23009, 0, 0),
	(27, 23061, 0, 0),
	(27, 22517, 2617, 0),
	(27, 21604, 1884, 0),
	(27, 21615, 2544, 0),
	(27, 21712, 0, 0),
	(27, 22515, 2488, 0),
	(27, 22512, 1891, 0),
	(27, 21582, 0, 0),
	(27, 22513, 1509, 0),
	(27, 22516, 911, 0),
	(28, 21620, 0, 0),
	(28, 23047, 0, 0),
	(28, 19395, 0, 0),
	(28, 21583, 2621, 0),
	(28, 23056, 2505, 0),
	(28, 22819, 929, 0),
	(28, 22396, 0, 0),
	(28, 23065, 0, 0),
	(28, 22469, 2617, 0),
	(28, 22471, 2565, 0),
	(28, 22466, 2587, 0),
	(28, 21712, 0, 0),
	(28, 22467, 2715, 0),
	(28, 22464, 1891, 0),
	(28, 22470, 0, 0),
	(28, 22465, 2587, 0),
	(28, 22468, 911, 0),
	(29, 22939, 0, 0),
	(29, 21620, 0, 0),
	(29, 19395, 0, 0),
	(29, 23047, 0, 0),
	(29, 22960, 1888, 0),
	(29, 23056, 2505, 0),
	(29, 23048, 0, 0),
	(29, 22493, 2617, 0),
	(29, 21604, 2566, 0),
	(29, 22492, 911, 0),
	(29, 22489, 2591, 0),
	(29, 21582, 0, 0),
	(29, 22488, 1891, 0),
	(29, 22491, 2715, 0),
	(29, 21712, 0, 0),
	(29, 20628, 2591, 0),
	(29, 23004, 0, 0),
	(30, 22418, 2583, 0),
	(30, 22732, 0, 0),
	(30, 22419, 2716, 0),
	(30, 21710, 2622, 0),
	(30, 22416, 1891, 0),
	(30, 22423, 1886, 0),
	(30, 21674, 2564, 0),
	(30, 23219, 0, 0),
	(30, 22417, 2583, 0),
	(30, 22420, 1887, 0),
	(30, 23059, 0, 0),
	(30, 21205, 0, 0),
	(30, 19406, 0, 0),
	(30, 22954, 0, 0),
	(30, 21126, 1900, 0),
	(30, 23043, 929, 0),
	(30, 22811, 664, 0),
	(31, 21387, 2584, 0),
	(31, 22732, 0, 0),
	(31, 21639, 2721, 0),
	(31, 22938, 2622, 0),
	(31, 21389, 1891, 0),
	(31, 20616, 1886, 0),
	(31, 21674, 2564, 0),
	(31, 21598, 0, 0),
	(31, 19855, 2584, 0),
	(31, 21706, 1887, 0),
	(31, 21200, 0, 0),
	(31, 21601, 0, 0),
	(31, 19431, 0, 0),
	(31, 18406, 0, 0),
	(31, 23577, 2504, 0),
	(31, 22818, 929, 0),
	(31, 22401, 0, 0),
	(32, 21693, 1508, 0),
	(32, 22732, 0, 0),
	(32, 19389, 2716, 0),
	(32, 22938, 2622, 0),
	(32, 23226, 1891, 0),
	(32, 22663, 1886, 0),
	(32, 21672, 2564, 0),
	(32, 21675, 0, 0),
	(32, 22740, 1508, 0),
	(32, 19381, 1887, 0),
	(32, 23018, 0, 0),
	(32, 21601, 0, 0),
	(32, 22954, 0, 0),
	(32, 19406, 0, 0),
	(32, 943, 2646, 0),
	(32, 23198, 0, 0),
	(33, 19972, 1508, 0),
	(33, 20444, 0, 469),
	(33, 20442, 0, 67),
	(33, 10657, 2606, 0),
	(33, 10399, 1891, 0),
	(33, 15331, 1886, 0),
	(33, 6586, 2564, 0),
	(33, 6468, 0, 0),
	(33, 10410, 1508, 0),
	(33, 1121, 911, 0),
	(33, 2933, 0, 469),
	(33, 6414, 0, 67),
	(33, 20439, 0, 469),
	(33, 20429, 0, 67),
	(33, 19024, 0, 0),
	(33, 19024, 0, 0),
	(33, 2059, 849, 0),
	(33, 1482, 2564, 0),
	(33, 1935, 2564, 0),
	(33, 6469, 2523, 0),
	(34, 15339, 1508, 0),
	(34, 19541, 0, 469),
	(34, 19537, 0, 67),
	(34, 2278, 2606, 0),
	(34, 4119, 1891, 0),
	(34, 9455, 1886, 0),
	(34, 20117, 0, 469),
	(34, 20191, 0, 67),
	(34, 9624, 1508, 0),
	(34, 20114, 1887, 469),
	(34, 20188, 1887, 67),
	(34, 6727, 2564, 0),
	(34, 2933, 0, 469),
	(34, 6414, 0, 67),
	(34, 19517, 0, 469),
	(34, 19513, 0, 67),
	(34, 19024, 0, 0),
	(34, 19024, 0, 0),
	(34, 13108, 849, 0),
	(34, 13033, 2564, 0),
	(34, 776, 2564, 0),
	(34, 6696, 2523, 0),
	(35, 15156, 1508, 0),
	(35, 19536, 0, 67),
	(35, 19540, 0, 469),
	(35, 7755, 2606, 0),
	(35, 10583, 1891, 0),
	(35, 9428, 1886, 0),
	(35, 13117, 0, 0),
	(35, 1718, 2586, 0),
	(35, 20187, 1887, 67),
	(35, 20113, 1887, 469),
	(35, 6727, 2564, 0),
	(35, 13095, 0, 0),
	(35, 2951, 0, 0),
	(35, 1404, 0, 0),
	(35, 19024, 0, 0),
	(35, 13108, 849, 0),
	(35, 6802, 2564, 0),
	(35, 10823, 2564, 0),
	(35, 19564, 0, 469),
	(35, 19560, 2523, 67),
	(36, 9479, 1508, 0),
	(36, 13089, 0, 0),
	(36, 17749, 2606, 0),
	(36, 17742, 1891, 0),
	(36, 13117, 0, 0),
	(36, 8262, 1508, 0),
	(36, 20112, 1887, 469),
	(36, 20189, 1887, 67),
	(36, 19590, 1886, 0),
	(36, 15708, 2564, 0),
	(36, 19516, 0, 469),
	(36, 19511, 0, 67),
	(36, 17713, 67, 0),
	(36, 10645, 0, 0),
	(36, 19024, 0, 0),
	(36, 11626, 849, 0),
	(36, 17705, 2564, 0),
	(36, 12535, 2564, 0),
	(36, 2100, 2523, 0),
	(37, 19972, 1483, 0),
	(37, 10657, 2605, 0),
	(37, 1486, 1891, 0),
	(37, 2911, 0, 0),
	(37, 12987, 1483, 0),
	(37, 19969, 911, 0),
	(37, 12977, 2614, 0),
	(37, 2933, 0, 469),
	(37, 6414, 0, 67),
	(37, 20431, 0, 469),
	(37, 20426, 0, 67),
	(37, 19024, 0, 0),
	(37, 19024, 0, 0),
	(37, 6667, 2622, 0),
	(37, 935, 2504, 0),
	(37, 16768, 0, 0),
	(37, 7001, 0, 0),
	(37, 20444, 0, 469),
	(37, 20442, 0, 67),
	(37, 9768, 1883, 0),
	(38, 10502, 1483, 0),
	(38, 4197, 2605, 0),
	(38, 7728, 1891, 0),
	(38, 20099, 0, 469),
	(38, 20164, 0, 67),
	(38, 12987, 1483, 0),
	(38, 20096, 929, 469),
	(38, 20162, 929, 67),
	(38, 7047, 2614, 0),
	(38, 19525, 0, 469),
	(38, 19521, 0, 67),
	(38, 20431, 0, 469),
	(38, 20426, 0, 67),
	(38, 21566, 0, 0),
	(38, 19024, 0, 0),
	(38, 14219, 1889, 0),
	(38, 2549, 2504, 0),
	(38, 13063, 0, 0),
	(38, 12019, 0, 0),
	(38, 14206, 1883, 0),
	(39, 10502, 1483, 0),
	(39, 1714, 0, 0),
	(39, 4197, 2605, 0),
	(39, 10762, 1891, 0),
	(39, 20098, 0, 469),
	(39, 20166, 0, 67),
	(39, 10002, 1483, 0),
	(39, 20095, 929, 469),
	(39, 20161, 929, 67),
	(39, 7047, 2614, 0),
	(39, 1980, 0, 0),
	(39, 1980, 0, 0),
	(39, 21566, 0, 0),
	(39, 19024, 0, 0),
	(39, 7524, 2622, 0),
	(39, 873, 2504, 0),
	(39, 5215, 0, 0),
	(39, 9909, 1883, 0),
	(40, 10502, 1483, 0),
	(40, 17707, 0, 0),
	(40, 11624, 2605, 0),
	(40, 10021, 1891, 0),
	(40, 11662, 0, 0),
	(40, 10002, 1483, 0),
	(40, 20094, 929, 469),
	(40, 20160, 929, 67),
	(40, 19597, 0, 0),
	(40, 21318, 2614, 0),
	(40, 1980, 0, 0),
	(40, 1980, 0, 0),
	(40, 21565, 0, 0),
	(40, 19024, 0, 0),
	(40, 11623, 1888, 0),
	(40, 873, 2504, 0),
	(40, 15280, 0, 0),
	(41, 19972, 1508, 0),
	(41, 20444, 0, 469),
	(41, 20442, 0, 67),
	(41, 10657, 2606, 0),
	(41, 2041, 0, 469),
	(41, 10399, 1891, 67),
	(41, 6468, 0, 0),
	(41, 10410, 1508, 0),
	(41, 1121, 911, 0),
	(41, 3202, 1886, 0),
	(41, 2933, 0, 469),
	(41, 6414, 0, 67),
	(41, 20439, 0, 469),
	(41, 20429, 0, 67),
	(41, 19024, 0, 0),
	(41, 19024, 0, 0),
	(41, 2059, 849, 0),
	(41, 5191, 2564, 0),
	(41, 16768, 0, 0),
	(41, 6469, 2523, 0),
	(41, 6586, 2564, 0),
	(42, 19972, 1508, 0),
	(42, 19541, 0, 469),
	(42, 19537, 0, 67),
	(42, 2278, 2606, 0),
	(42, 4119, 1891, 0),
	(42, 20090, 0, 469),
	(42, 20152, 0, 67),
	(42, 9624, 1508, 0),
	(42, 20157, 911, 67),
	(42, 20093, 911, 469),
	(42, 9455, 1886, 0),
	(42, 6727, 2564, 0),
	(42, 2933, 0, 469),
	(42, 6414, 0, 67),
	(42, 19517, 0, 469),
	(42, 19513, 0, 67),
	(42, 19024, 0, 0),
	(42, 19024, 0, 0),
	(42, 13108, 849, 0),
	(42, 19549, 2564, 469),
	(42, 19545, 2564, 67),
	(42, 16768, 0, 0),
	(42, 17686, 0, 0),
	(43, 15156, 1508, 0),
	(43, 19540, 0, 469),
	(43, 19536, 0, 67),
	(43, 7755, 2606, 0),
	(43, 13110, 1891, 0),
	(43, 13117, 0, 0),
	(43, 1718, 2586, 0),
	(43, 2276, 1887, 0),
	(43, 9428, 1886, 0),
	(43, 6727, 2564, 0),
	(43, 2951, 0, 0),
	(43, 19515, 0, 469),
	(43, 19512, 0, 67),
	(43, 1404, 0, 0),
	(43, 19024, 0, 0),
	(43, 13108, 849, 0),
	(43, 10823, 2564, 0),
	(43, 9401, 2564, 0),
	(43, 2825, 2523, 0),
	(44, 17767, 2586, 0),
	(44, 11946, 0, 0),
	(44, 17749, 2606, 0),
	(44, 17742, 1891, 0),
	(44, 13117, 0, 0),
	(44, 11749, 2586, 0),
	(44, 11627, 1887, 0),
	(44, 19590, 1886, 0),
	(44, 17736, 2564, 0),
	(44, 17713, 67, 0),
	(44, 9533, 0, 0),
	(44, 1404, 0, 0),
	(44, 19024, 0, 0),
	(44, 11626, 849, 0),
	(44, 12527, 2564, 0),
	(44, 10823, 2564, 0),
	(44, 17753, 2523, 0),
	(45, 19972, 1508, 0),
	(45, 20444, 0, 469),
	(45, 20442, 0, 67),
	(45, 10657, 2605, 0),
	(45, 10399, 1891, 0),
	(45, 6468, 0, 0),
	(45, 10410, 1508, 0),
	(45, 1121, 911, 0),
	(45, 2933, 0, 469),
	(45, 6414, 0, 67),
	(45, 4998, 0, 0),
	(45, 19024, 0, 0),
	(45, 19024, 0, 0),
	(45, 2059, 849, 0),
	(45, 1483, 2568, 0),
	(45, 16768, 0, 0),
	(45, 15331, 1886, 0),
	(45, 6586, 2564, 0),
	(46, 15339, 1508, 0),
	(46, 12028, 0, 0),
	(46, 2278, 2606, 0),
	(46, 4119, 1891, 0),
	(46, 9455, 1886, 0),
	(46, 15148, 0, 0),
	(46, 9624, 1508, 0),
	(46, 20114, 1887, 469),
	(46, 20188, 1887, 67),
	(46, 6727, 2564, 0),
	(46, 11996, 0, 0),
	(46, 12054, 0, 0),
	(46, 19024, 0, 0),
	(46, 19024, 0, 0),
	(46, 13108, 849, 0),
	(46, 9449, 2646, 0),
	(47, 15156, 1508, 0),
	(47, 19536, 0, 67),
	(47, 19540, 0, 469),
	(47, 10774, 2606, 0),
	(47, 10583, 1891, 0),
	(47, 13117, 0, 0),
	(47, 1718, 1508, 0),
	(47, 20187, 1887, 67),
	(47, 20113, 1887, 469),
	(47, 9428, 1886, 0),
	(47, 10777, 2564, 0),
	(47, 19512, 0, 67),
	(47, 19515, 0, 469),
	(47, 2951, 0, 0),
	(47, 1404, 0, 0),
	(47, 19024, 0, 0),
	(47, 5257, 2622, 0),
	(47, 9449, 2646, 0),
	(48, 9479, 1508, 0),
	(48, 13089, 0, 0),
	(48, 17749, 2606, 0),
	(48, 17742, 1891, 0),
	(48, 13117, 0, 0),
	(48, 1718, 1508, 0),
	(48, 17728, 1887, 0),
	(48, 18710, 1886, 0),
	(48, 8260, 2564, 0),
	(48, 17713, 0, 0),
	(48, 19511, 0, 67),
	(48, 19516, 0, 469),
	(48, 19120, 0, 0),
	(48, 19024, 0, 0),
	(48, 11626, 849, 0),
	(48, 9449, 2646, 0),
	(49, 19972, 1503, 0),
	(49, 20444, 0, 469),
	(49, 20442, 0, 67),
	(49, 10657, 2605, 0),
	(49, 1486, 1891, 0),
	(49, 2911, 0, 0),
	(49, 12987, 1483, 0),
	(49, 19969, 911, 0),
	(49, 1974, 1883, 0),
	(49, 12977, 2615, 0),
	(49, 20431, 0, 469),
	(49, 20426, 0, 67),
	(49, 2933, 0, 469),
	(49, 6414, 0, 67),
	(49, 19024, 0, 0),
	(49, 19024, 0, 0),
	(49, 6667, 2622, 0),
	(49, 935, 2504, 0),
	(49, 16768, 0, 0),
	(49, 7001, 0, 0),
	(50, 10502, 1483, 0),
	(50, 12019, 0, 0),
	(50, 4197, 2605, 0),
	(50, 7728, 1891, 0),
	(50, 20164, 0, 67),
	(50, 20099, 0, 469),
	(50, 23173, 1509, 0),
	(50, 20162, 911, 67),
	(50, 20096, 911, 469),
	(50, 14206, 1883, 0),
	(50, 9491, 2615, 0),
	(50, 9538, 0, 469),
	(50, 9588, 0, 67),
	(50, 19525, 0, 469),
	(50, 19521, 0, 67),
	(50, 21566, 0, 0),
	(50, 19024, 0, 0),
	(50, 14219, 1889, 0),
	(50, 13033, 2504, 0),
	(50, 16887, 0, 67),
	(50, 15935, 0, 469),
	(50, 13063, 0, 0),
	(51, 7720, 1503, 0),
	(51, 1714, 0, 0),
	(51, 14247, 2605, 0),
	(51, 14261, 2622, 0),
	(51, 1716, 1891, 0),
	(51, 14260, 1886, 0),
	(51, 10003, 2615, 0),
	(51, 20166, 0, 67),
	(51, 20098, 0, 469),
	(51, 10009, 1503, 0),
	(51, 20161, 911, 67),
	(51, 20095, 911, 469),
	(51, 9461, 0, 0),
	(51, 19520, 0, 67),
	(51, 19524, 0, 469),
	(51, 19024, 0, 0),
	(51, 1404, 0, 0),
	(51, 873, 2504, 0),
	(51, 7514, 0, 0),
	(52, 3075, 1503, 0),
	(52, 17707, 0, 0),
	(52, 11624, 2605, 0),
	(52, 17050, 1891, 0),
	(52, 11662, 0, 0),
	(52, 9484, 1509, 0),
	(52, 20094, 911, 469),
	(52, 20160, 911, 67),
	(52, 19597, 1886, 0),
	(52, 10787, 2615, 0),
	(52, 942, 0, 0),
	(52, 942, 0, 0),
	(52, 21565, 0, 0),
	(52, 19024, 0, 0),
	(52, 11623, 1888, 0),
	(52, 11784, 2504, 0),
	(52, 10796, 0, 0),
	(52, 11748, 0, 0),
	(53, 19972, 1508, 0),
	(53, 20444, 0, 469),
	(53, 10657, 2715, 0),
	(53, 10399, 1891, 0),
	(53, 6460, 0, 0),
	(53, 6087, 1506, 469),
	(53, 19969, 911, 0),
	(53, 7003, 1885, 469),
	(53, 12994, 2564, 0),
	(53, 2933, 0, 469),
	(53, 20431, 0, 469),
	(53, 19024, 0, 0),
	(53, 19024, 0, 0),
	(53, 2059, 849, 0),
	(53, 5815, 1900, 0),
	(54, 2721, 2544, 0),
	(54, 5003, 0, 0),
	(54, 4197, 2715, 0),
	(54, 7728, 1891, 0),
	(54, 20108, 0, 469),
	(54, 7423, 2544, 0),
	(54, 9454, 911, 0),
	(54, 9865, 2566, 0),
	(54, 9491, 2617, 0),
	(54, 19525, 0, 469),
	(54, 20431, 0, 469),
	(54, 21568, 0, 0),
	(54, 19024, 0, 0),
	(54, 19533, 2622, 469),
	(54, 2816, 2505, 0),
	(54, 6725, 929, 0),
	(55, 13127, 1503, 0),
	(55, 13087, 0, 0),
	(55, 13131, 2716, 0),
	(55, 1488, 1891, 0),
	(55, 20108, 0, 469),
	(55, 6087, 1503, 469),
	(55, 20111, 929, 469),
	(55, 3228, 1886, 0),
	(55, 6906, 2564, 0),
	(55, 2039, 0, 0),
	(55, 19517, 0, 469),
	(55, 21568, 0, 0),
	(55, 19024, 0, 0),
	(55, 13108, 849, 0),
	(55, 7752, 803, 0),
	(55, 6725, 929, 0),
	(56, 13127, 1506, 0),
	(56, 13087, 0, 0),
	(56, 15553, 2606, 0),
	(56, 1488, 1891, 0),
	(56, 20108, 0, 469),
	(56, 6087, 1506, 469),
	(56, 20111, 1887, 469),
	(56, 4438, 1885, 0),
	(56, 6906, 2564, 0),
	(56, 13097, 0, 0),
	(56, 19517, 0, 469),
	(56, 21568, 0, 0),
	(56, 19024, 0, 0),
	(56, 13108, 849, 0),
	(56, 6687, 1900, 0),
	(57, 7719, 1506, 0),
	(57, 13088, 0, 0),
	(57, 10774, 2606, 0),
	(57, 7759, 1891, 0),
	(57, 13117, 0, 0),
	(57, 10330, 1506, 0),
	(57, 20111, 1887, 469),
	(57, 13199, 1885, 0),
	(57, 7724, 2564, 0),
	(57, 13095, 0, 0),
	(57, 2262, 0, 0),
	(57, 1404, 0, 0),
	(57, 19024, 0, 0),
	(57, 10776, 849, 0),
	(57, 9425, 1900, 0),
	(58, 7719, 1503, 0),
	(58, 13088, 0, 0),
	(58, 13132, 2716, 0),
	(58, 10328, 1891, 0),
	(58, 6742, 0, 0),
	(58, 10330, 1503, 0),
	(58, 1678, 929, 0),
	(58, 13199, 1886, 0),
	(58, 7724, 2564, 0),
	(58, 13095, 0, 0),
	(58, 4549, 0, 0),
	(58, 1404, 0, 0),
	(58, 19024, 0, 0),
	(58, 5257, 849, 0),
	(58, 7721, 1900, 0),
	(58, 7726, 929, 0),
	(59, 10504, 1509, 0),
	(59, 1714, 0, 0),
	(59, 15608, 2715, 0),
	(59, 10762, 1891, 0),
	(59, 9931, 0, 0),
	(59, 15607, 2544, 0),
	(59, 15599, 929, 0),
	(59, 9409, 2566, 0),
	(59, 15612, 2617, 0),
	(59, 19525, 0, 469),
	(59, 19524, 0, 469),
	(59, 1404, 0, 0),
	(59, 19024, 0, 0),
	(59, 19532, 2622, 469),
	(59, 7721, 2505, 0),
	(59, 1204, 929, 0),
	(60, 10504, 1509, 0),
	(60, 17707, 0, 0),
	(60, 11632, 2715, 0),
	(60, 11633, 1891, 0),
	(60, 10166, 0, 0),
	(60, 10244, 2544, 0),
	(60, 14922, 911, 0),
	(60, 10171, 2566, 0),
	(60, 9640, 2617, 0),
	(60, 11824, 0, 0),
	(60, 19523, 0, 469),
	(60, 21567, 0, 0),
	(60, 19024, 0, 0),
	(60, 19531, 2622, 469),
	(60, 7721, 2505, 0),
	(60, 17718, 929, 0),
	(61, 9479, 1506, 0),
	(61, 12034, 0, 0),
	(61, 11632, 2717, 0),
	(61, 11633, 1891, 0),
	(61, 10798, 0, 0),
	(61, 17711, 1506, 0),
	(61, 20109, 929, 469),
	(61, 19581, 1885, 0),
	(61, 9640, 2564, 0),
	(61, 17713, 67, 0),
	(61, 19516, 0, 469),
	(61, 17774, 0, 0),
	(61, 19024, 0, 0),
	(61, 11626, 849, 0),
	(61, 13018, 1900, 0),
	(62, 10749, 1503, 0),
	(62, 12034, 0, 0),
	(62, 11632, 2716, 0),
	(62, 11633, 1891, 0),
	(62, 10798, 0, 0),
	(62, 17711, 1503, 0),
	(62, 20127, 929, 0),
	(62, 18447, 1886, 469),
	(62, 9640, 2564, 0),
	(62, 17713, 67, 0),
	(62, 19516, 0, 469),
	(62, 17774, 0, 0),
	(62, 19024, 0, 0),
	(62, 11626, 849, 0),
	(62, 19555, 1900, 469),
	(62, 1979, 929, 0),
	(63, 19972, 1503, 0),
	(63, 20444, 0, 469),
	(63, 20442, 0, 67),
	(63, 10657, 2606, 0),
	(63, 10399, 1891, 0),
	(63, 6460, 0, 0),
	(63, 6087, 1506, 469),
	(63, 15511, 1506, 67),
	(63, 19969, 911, 0),
	(63, 7003, 1885, 469),
	(63, 4534, 1885, 67),
	(63, 12994, 2564, 0),
	(63, 2933, 0, 469),
	(63, 6414, 0, 67),
	(63, 20439, 0, 469),
	(63, 20429, 0, 67),
	(63, 19024, 0, 0),
	(63, 19024, 0, 0),
	(63, 2059, 849, 0),
	(63, 7230, 1900, 0),
	(63, 20438, 2523, 469),
	(63, 20437, 2523, 67),
	(64, 13127, 1503, 0),
	(64, 13087, 0, 0),
	(64, 13131, 2716, 0),
	(64, 6972, 1891, 469),
	(64, 7133, 1891, 67),
	(64, 20126, 0, 469),
	(64, 20207, 0, 67),
	(64, 9625, 1503, 0),
	(64, 9510, 929, 0),
	(64, 4438, 1886, 0),
	(64, 6906, 2564, 0),
	(64, 19517, 0, 469),
	(64, 19513, 0, 67),
	(64, 13097, 0, 0),
	(64, 19024, 0, 0),
	(64, 19024, 0, 0),
	(64, 13108, 849, 0),
	(64, 6804, 1898, 67),
	(64, 19557, 1898, 469),
	(64, 6725, 929, 0),
	(64, 6696, 2523, 0),
	(65, 13127, 1506, 0),
	(65, 13087, 0, 0),
	(65, 3765, 2606, 67),
	(65, 13131, 2606, 469),
	(65, 1488, 1891, 0),
	(65, 20126, 0, 469),
	(65, 20207, 0, 67),
	(65, 7423, 1506, 0),
	(65, 20129, 929, 469),
	(65, 20210, 929, 67),
	(65, 4438, 1885, 0),
	(65, 6906, 2564, 0),
	(65, 19517, 0, 469),
	(65, 19513, 0, 67),
	(65, 13097, 0, 0),
	(65, 19024, 0, 0),
	(65, 19024, 0, 0),
	(65, 13108, 849, 0),
	(65, 6687, 1900, 0),
	(65, 6696, 2523, 0),
	(66, 7719, 1506, 0),
	(66, 13088, 0, 0),
	(66, 10774, 2606, 0),
	(66, 10328, 1891, 0),
	(66, 13117, 0, 0),
	(66, 10330, 1506, 0),
	(66, 1678, 911, 0),
	(66, 13199, 1885, 0),
	(66, 7724, 2564, 0),
	(66, 2262, 0, 0),
	(66, 13095, 0, 0),
	(66, 1404, 0, 0),
	(66, 19024, 0, 0),
	(66, 5257, 849, 0),
	(66, 6830, 1900, 469),
	(66, 870, 1900, 67),
	(66, 9426, 2523, 0),
	(67, 7719, 1503, 0),
	(67, 13088, 0, 0),
	(67, 13132, 2716, 0),
	(67, 10328, 1891, 0),
	(67, 13117, 0, 0),
	(67, 9396, 1503, 0),
	(67, 1678, 929, 0),
	(67, 13199, 1886, 0),
	(67, 7724, 2564, 0),
	(67, 2262, 0, 0),
	(67, 13095, 0, 0),
	(67, 1404, 0, 0),
	(67, 19024, 0, 0),
	(67, 18706, 849, 0),
	(67, 868, 2564, 0),
	(67, 7726, 929, 0),
	(67, 9426, 2523, 0),
	(68, 9479, 1506, 0),
	(68, 19159, 0, 67),
	(68, 13089, 0, 469),
	(68, 13066, 2606, 0),
	(68, 11626, 849, 0),
	(68, 13067, 1891, 0),
	(68, 19581, 1885, 0),
	(68, 9640, 927, 0),
	(68, 10798, 0, 0),
	(68, 17711, 1506, 0),
	(68, 20127, 929, 469),
	(68, 20211, 929, 67),
	(68, 19516, 0, 469),
	(68, 19511, 0, 67),
	(68, 17713, 0, 0),
	(68, 7734, 0, 0),
	(68, 21326, 0, 0),
	(68, 2291, 1900, 0),
	(68, 13039, 2523, 0),
	(69, 14849, 1503, 0),
	(69, 19539, 0, 469),
	(69, 19535, 0, 67),
	(69, 13066, 2716, 0),
	(69, 13067, 1891, 0),
	(69, 10798, 0, 0),
	(69, 17711, 1503, 0),
	(69, 14549, 929, 0),
	(69, 19581, 1886, 0),
	(69, 9640, 2564, 0),
	(69, 19516, 0, 469),
	(69, 19511, 0, 67),
	(69, 17713, 67, 0),
	(69, 21567, 0, 0),
	(69, 19024, 0, 0),
	(69, 20219, 849, 0),
	(69, 1721, 2564, 0),
	(69, 1979, 929, 0),
	(69, 13039, 2523, 0),
	(70, 19972, 1503, 0),
	(70, 20444, 0, 469),
	(70, 20442, 0, 67),
	(70, 10657, 2605, 0),
	(70, 1486, 1891, 0),
	(70, 2911, 0, 0),
	(70, 12987, 1483, 0),
	(70, 19969, 911, 0),
	(70, 9768, 1883, 0),
	(70, 12977, 2614, 0),
	(70, 2933, 0, 469),
	(70, 6414, 0, 67),
	(70, 20431, 0, 469),
	(70, 20426, 0, 67),
	(70, 19024, 0, 0),
	(70, 19024, 0, 0),
	(70, 20428, 2622, 469),
	(70, 20427, 2622, 67),
	(70, 2271, 2504, 0),
	(70, 7001, 0, 0),
	(71, 2721, 1503, 0),
	(71, 12019, 0, 0),
	(71, 4197, 2604, 0),
	(71, 7728, 1891, 0),
	(71, 20099, 0, 469),
	(71, 20164, 0, 67),
	(71, 7368, 1483, 0),
	(71, 20162, 851, 67),
	(71, 20096, 851, 469),
	(71, 14206, 1883, 0),
	(71, 9491, 2617, 0),
	(71, 19525, 0, 469),
	(71, 19521, 0, 67),
	(71, 20431, 0, 469),
	(71, 20426, 0, 67),
	(71, 21566, 0, 0),
	(71, 19024, 0, 0),
	(71, 19533, 2622, 469),
	(71, 19529, 2622, 67),
	(71, 2816, 2505, 0),
	(71, 15935, 0, 0),
	(71, 13063, 0, 0),
	(72, 10502, 1483, 0),
	(72, 12019, 0, 0),
	(72, 4197, 2605, 0),
	(72, 7728, 1891, 0),
	(72, 20099, 0, 469),
	(72, 20164, 0, 67),
	(72, 7368, 1483, 0),
	(72, 20162, 851, 67),
	(72, 20096, 851, 469),
	(72, 14206, 1883, 0),
	(72, 7047, 2614, 0),
	(72, 19525, 0, 469),
	(72, 19521, 0, 67),
	(72, 20431, 0, 469),
	(72, 20426, 0, 67),
	(72, 21566, 0, 0),
	(72, 19024, 0, 0),
	(72, 14219, 1889, 0),
	(72, 2549, 2504, 0),
	(72, 13063, 0, 0),
	(73, 10504, 1509, 0),
	(73, 1714, 0, 0),
	(73, 14247, 2605, 0),
	(73, 10762, 1891, 0),
	(73, 20166, 0, 67),
	(73, 20098, 0, 469),
	(73, 10002, 1483, 0),
	(73, 20161, 851, 67),
	(73, 20095, 851, 469),
	(73, 9909, 1883, 0),
	(73, 10003, 2614, 0),
	(73, 1980, 0, 0),
	(73, 1980, 0, 0),
	(73, 21566, 0, 0),
	(73, 19024, 0, 0),
	(73, 7524, 2622, 0),
	(73, 873, 2504, 0),
	(73, 5215, 0, 0),
	(74, 10504, 1509, 0),
	(74, 1714, 0, 0),
	(74, 4197, 2604, 0),
	(74, 1716, 1891, 0),
	(74, 20166, 0, 67),
	(74, 20098, 0, 469),
	(74, 9407, 1483, 0),
	(74, 10578, 911, 0),
	(74, 11469, 1883, 0),
	(74, 9910, 2617, 0),
	(74, 19520, 0, 67),
	(74, 19524, 0, 469),
	(74, 9461, 0, 0),
	(74, 21566, 0, 0),
	(74, 19024, 0, 0),
	(74, 19532, 2622, 469),
	(74, 19528, 2622, 67),
	(74, 7721, 2505, 0),
	(74, 9393, 0, 0),
	(74, 13064, 0, 0),
	(75, 10504, 1509, 0),
	(75, 17707, 0, 0),
	(75, 11624, 2604, 0),
	(75, 10021, 1891, 0),
	(75, 11662, 0, 0),
	(75, 14283, 1483, 0),
	(75, 20094, 851, 469),
	(75, 20160, 851, 67),
	(75, 19597, 1883, 0),
	(75, 10787, 2617, 0),
	(75, 19523, 0, 469),
	(75, 19519, 0, 67),
	(75, 11945, 0, 0),
	(75, 21565, 0, 0),
	(75, 19024, 0, 0),
	(75, 11623, 1888, 0),
	(75, 7721, 2505, 0),
	(75, 10796, 0, 0),
	(75, 15280, 0, 0),
	(76, 10504, 1509, 0),
	(76, 17707, 0, 0),
	(76, 11624, 2605, 0),
	(76, 1716, 1891, 0),
	(76, 11662, 0, 0),
	(76, 10002, 1483, 0),
	(76, 20094, 851, 469),
	(76, 20160, 851, 67),
	(76, 19597, 1883, 0),
	(76, 10787, 2614, 0),
	(76, 1980, 0, 0),
	(76, 1980, 0, 0),
	(76, 21565, 0, 0),
	(76, 19024, 0, 0),
	(76, 11623, 1888, 0),
	(76, 873, 2504, 0),
	(76, 15280, 0, 0),
	(77, 19972, 1503, 0),
	(77, 20442, 0, 67),
	(77, 10657, 2605, 0),
	(77, 10399, 1891, 0),
	(77, 6468, 0, 0),
	(77, 6587, 1503, 0),
	(77, 19969, 911, 0),
	(77, 15331, 1886, 0),
	(77, 6586, 2617, 0),
	(77, 6414, 0, 0),
	(77, 20426, 0, 67),
	(77, 19024, 0, 0),
	(77, 19024, 0, 0),
	(77, 6667, 2622, 0),
	(77, 2567, 2568, 0),
	(77, 7002, 929, 0),
	(78, 2721, 2544, 0),
	(78, 12019, 0, 0),
	(78, 4197, 2604, 0),
	(78, 7728, 1891, 0),
	(78, 20197, 0, 67),
	(78, 7368, 1509, 0),
	(78, 15350, 911, 0),
	(78, 14206, 2566, 0),
	(78, 9491, 2617, 0),
	(78, 19521, 0, 67),
	(78, 20426, 0, 67),
	(78, 19024, 0, 0),
	(78, 19024, 0, 0),
	(78, 19529, 2622, 67),
	(78, 2816, 2505, 0),
	(78, 6725, 929, 0),
	(79, 10502, 1503, 0),
	(79, 12019, 0, 0),
	(79, 4197, 2605, 0),
	(79, 7728, 1891, 0),
	(79, 20197, 0, 67),
	(79, 7368, 1509, 0),
	(79, 9454, 911, 0),
	(79, 14206, 1883, 0),
	(79, 9491, 2617, 0),
	(79, 19521, 0, 67),
	(79, 20426, 0, 67),
	(79, 21566, 0, 67),
	(79, 19024, 0, 0),
	(79, 6667, 2622, 0),
	(79, 1155, 2504, 0),
	(80, 15339, 1503, 0),
	(80, 13087, 0, 67),
	(80, 2278, 2606, 0),
	(80, 4119, 1891, 0),
	(80, 20152, 0, 67),
	(80, 9624, 1508, 0),
	(80, 20201, 1887, 67),
	(80, 9455, 1886, 0),
	(80, 6727, 2564, 0),
	(80, 19513, 0, 0),
	(80, 13097, 0, 0),
	(80, 19024, 0, 0),
	(80, 19024, 0, 0),
	(80, 13108, 849, 0),
	(80, 6687, 1900, 0),
	(81, 9429, 1503, 0),
	(81, 13084, 0, 0),
	(81, 10774, 2606, 0),
	(81, 9406, 1891, 0),
	(81, 13117, 0, 0),
	(81, 1718, 1506, 0),
	(81, 2276, 1887, 0),
	(81, 9428, 1886, 0),
	(81, 10777, 2564, 0),
	(81, 13095, 0, 0),
	(81, 2951, 0, 0),
	(81, 1404, 0, 0),
	(81, 19024, 0, 0),
	(81, 5257, 849, 0),
	(81, 9425, 1900, 0),
	(82, 10504, 2544, 0),
	(82, 1714, 0, 0),
	(82, 8210, 2605, 0),
	(82, 1716, 1891, 0),
	(82, 10771, 0, 0),
	(82, 10009, 2544, 0),
	(82, 9917, 911, 0),
	(82, 11469, 1886, 0),
	(82, 10777, 2617, 0),
	(82, 19520, 0, 67),
	(82, 19524, 0, 469),
	(82, 9461, 0, 0),
	(82, 1404, 0, 0),
	(82, 19024, 0, 0),
	(82, 7533, 2622, 0),
	(82, 873, 2504, 0),
	(83, 10504, 1509, 0),
	(83, 1714, 0, 0),
	(83, 8210, 2604, 0),
	(83, 10762, 1891, 0),
	(83, 10771, 0, 0),
	(83, 10009, 1509, 0),
	(83, 13100, 911, 0),
	(83, 9925, 2566, 0),
	(83, 10777, 2617, 0),
	(83, 19520, 0, 67),
	(83, 18586, 0, 67),
	(83, 1404, 0, 0),
	(83, 19024, 0, 0),
	(83, 19528, 2622, 67),
	(83, 7721, 2505, 0),
	(83, 14777, 929, 0),
	(84, 10041, 2544, 0),
	(84, 17707, 0, 0),
	(84, 11624, 2604, 0),
	(84, 19531, 2622, 0),
	(84, 11747, 1891, 0),
	(84, 19597, 2566, 0),
	(84, 7721, 2505, 0),
	(84, 17718, 929, 0),
	(84, 11665, 2617, 0),
	(84, 11662, 0, 0),
	(84, 10199, 2544, 0),
	(84, 22240, 911, 0),
	(84, 12545, 0, 0),
	(84, 11824, 0, 0),
	(84, 10659, 0, 0),
	(84, 19024, 0, 0),
	(85, 10041, 2544, 0),
	(85, 17707, 0, 0),
	(85, 11624, 2605, 0),
	(85, 19121, 2622, 0),
	(85, 11747, 1891, 0),
	(85, 19597, 1883, 0),
	(85, 11665, 2615, 0),
	(85, 11662, 0, 0),
	(85, 10199, 2544, 0),
	(85, 22240, 911, 0),
	(85, 12545, 0, 0),
	(85, 11824, 0, 0),
	(85, 21566, 0, 0),
	(85, 21565, 0, 0),
	(85, 7714, 2504, 0),
	(85, 17718, 929, 0),
	(86, 17767, 1508, 0),
	(86, 19159, 0, 67),
	(86, 15656, 2606, 0),
	(86, 10784, 1891, 0),
	(86, 20151, 0, 0),
	(86, 11749, 1508, 0),
	(86, 11627, 911, 0),
	(86, 17714, 1885, 0),
	(86, 17736, 2564, 0),
	(86, 17713, 67, 0),
	(86, 19511, 0, 67),
	(86, 19516, 0, 469),
	(86, 7734, 0, 0),
	(86, 19120, 0, 0),
	(86, 11626, 849, 0),
	(86, 13018, 1900, 0),
	(87, 23314, 1503, 0),
	(87, 19491, 0, 0),
	(87, 23315, 0, 0),
	(87, 38, 0, 0),
	(87, 23300, 1892, 0),
	(87, 20041, 0, 0),
	(87, 23301, 1503, 0),
	(87, 23287, 911, 0),
	(87, 19578, 1886, 0),
	(87, 12639, 2564, 0),
	(87, 19325, 0, 0),
	(87, 13098, 0, 0),
	(87, 18634, 0, 0),
	(87, 10720, 0, 0),
	(87, 20073, 2622, 0),
	(87, 19323, 1900, 0),
	(87, 12651, 0, 0),
	(87, 20132, 0, 0),
	(88, 23316, 1503, 0),
	(88, 22327, 0, 0),
	(88, 23317, 2488, 0),
	(88, 53, 0, 0),
	(88, 23303, 1892, 0),
	(88, 20047, 0, 0),
	(88, 23302, 1503, 0),
	(88, 23289, 911, 0),
	(88, 16486, 1886, 0),
	(88, 23288, 2617, 0),
	(88, 16058, 0, 0),
	(88, 17045, 0, 0),
	(88, 18469, 0, 0),
	(88, 19990, 0, 0),
	(88, 16342, 1889, 0),
	(88, 20069, 2505, 0),
	(88, 16997, 0, 0),
	(89, 23316, 1503, 0),
	(89, 19426, 0, 0),
	(89, 23317, 2488, 0),
	(89, 23303, 1892, 0),
	(89, 18405, 0, 0),
	(89, 23302, 1503, 0),
	(89, 23289, 911, 0),
	(89, 19595, 1886, 0),
	(89, 14146, 2614, 0),
	(89, 21563, 0, 0),
	(89, 22339, 0, 0),
	(89, 22268, 0, 0),
	(89, 21565, 0, 0),
	(89, 18509, 1889, 0),
	(89, 20070, 2504, 0),
	(89, 19309, 0, 0),
	(89, 22408, 0, 0),
	(90, 23318, 1503, 0),
	(90, 19426, 0, 0),
	(90, 23319, 2488, 0),
	(90, 6096, 0, 0),
	(90, 23305, 1892, 0),
	(90, 18405, 0, 0),
	(90, 23304, 1503, 0),
	(90, 23291, 911, 0),
	(90, 19595, 1886, 0),
	(90, 14146, 2616, 0),
	(90, 21563, 0, 0),
	(90, 22339, 0, 0),
	(90, 22268, 0, 0),
	(90, 21565, 0, 0),
	(90, 18509, 1889, 0),
	(90, 20070, 2504, 0),
	(90, 19315, 0, 0),
	(90, 22408, 0, 0),
	(91, 23310, 1503, 0),
	(91, 19426, 0, 0),
	(91, 23311, 2488, 0),
	(91, 23297, 1892, 0),
	(91, 18405, 0, 0),
	(91, 23296, 1503, 0),
	(91, 23283, 911, 0),
	(91, 19595, 1886, 0),
	(91, 23282, 2614, 0),
	(91, 22339, 0, 0),
	(91, 21563, 0, 0),
	(91, 22268, 0, 0),
	(91, 21565, 0, 0),
	(91, 18509, 1889, 0),
	(91, 20070, 2504, 0),
	(91, 19315, 0, 0),
	(91, 22408, 0, 0),
	(92, 23259, 1503, 0),
	(92, 19426, 0, 0),
	(92, 23260, 2488, 0),
	(92, 22876, 1892, 0),
	(92, 18721, 0, 0),
	(92, 22887, 1503, 0),
	(92, 22857, 911, 0),
	(92, 19595, 1886, 0),
	(92, 22867, 2617, 0),
	(92, 22339, 0, 0),
	(92, 21563, 0, 0),
	(92, 18639, 0, 0),
	(92, 18634, 0, 0),
	(92, 11623, 1888, 0),
	(92, 20070, 2504, 0),
	(92, 19321, 929, 0),
	(92, 23199, 0, 0),
	(93, 23259, 1503, 0),
	(93, 22327, 0, 0),
	(93, 23260, 2488, 0),
	(93, 22876, 1892, 0),
	(93, 18721, 0, 0),
	(93, 22887, 1503, 0),
	(93, 22857, 911, 0),
	(93, 13969, 1886, 0),
	(93, 22867, 2617, 0),
	(93, 16058, 0, 0),
	(93, 17045, 0, 0),
	(93, 18471, 0, 0),
	(93, 22268, 0, 0),
	(93, 18510, 1888, 0),
	(93, 20070, 2505, 0),
	(93, 19321, 929, 0),
	(93, 23200, 0, 0),
	(94, 23259, 1503, 0),
	(94, 19491, 0, 0),
	(94, 15051, 2488, 0),
	(94, 22876, 1892, 0),
	(94, 14614, 0, 0),
	(94, 15052, 1503, 0),
	(94, 22857, 911, 0),
	(94, 19582, 1886, 0),
	(94, 22867, 2564, 0),
	(94, 19325, 0, 0),
	(94, 13098, 0, 0),
	(94, 18639, 0, 0),
	(94, 18634, 0, 0),
	(94, 20073, 1888, 0),
	(94, 19323, 1900, 0),
	(94, 22395, 0, 0),
	(95, 23276, 1503, 0),
	(95, 22327, 0, 0),
	(95, 23277, 2488, 0),
	(95, 23272, 1892, 0),
	(95, 18702, 0, 0),
	(95, 23273, 1503, 0),
	(95, 23275, 911, 0),
	(95, 13969, 1886, 0),
	(95, 23274, 2617, 0),
	(95, 16058, 0, 0),
	(95, 17045, 0, 0),
	(95, 18472, 0, 0),
	(95, 11819, 0, 0),
	(95, 18510, 1888, 0),
	(95, 22315, 2505, 0),
	(95, 19321, 929, 0),
	(95, 23201, 0, 0),
	(96, 23276, 1503, 0),
	(96, 15411, 0, 0),
	(96, 20058, 2488, 0),
	(96, 23272, 1892, 0),
	(96, 20042, 0, 0),
	(96, 23273, 1503, 0),
	(96, 20049, 929, 0),
	(96, 19578, 1886, 0),
	(96, 23274, 2564, 0),
	(96, 13098, 0, 0),
	(96, 19325, 0, 0),
	(96, 10720, 0, 0),
	(96, 10645, 0, 0),
	(96, 20073, 1888, 0),
	(96, 19323, 1900, 0),
	(96, 22401, 0, 0),
	(97, 23306, 1503, 0),
	(97, 15411, 0, 0),
	(97, 23307, 2488, 0),
	(97, 23292, 1892, 0),
	(97, 20043, 0, 0),
	(97, 23293, 1503, 0),
	(97, 23278, 911, 0),
	(97, 19582, 1886, 0),
	(97, 23279, 2564, 0),
	(97, 19325, 0, 0),
	(97, 13098, 0, 0),
	(97, 18473, 0, 0),
	(97, 19991, 0, 0),
	(97, 20073, 1888, 0),
	(97, 18520, 2646, 0),
	(97, 18738, 2523, 0),
	(98, 23308, 1503, 0),
	(98, 15411, 0, 0),
	(98, 20059, 2488, 0),
	(98, 23294, 1892, 0),
	(98, 20045, 0, 0),
	(98, 23295, 1503, 0),
	(98, 20052, 929, 0),
	(98, 19587, 1886, 0),
	(98, 23280, 2564, 0),
	(98, 19325, 0, 0),
	(98, 13098, 0, 0),
	(98, 13965, 0, 0),
	(98, 18863, 0, 0),
	(98, 20073, 1888, 0),
	(98, 19323, 2646, 0),
	(98, 22397, 0, 0),
	(99, 23308, 1503, 0),
	(99, 22327, 0, 0),
	(99, 23309, 2488, 0),
	(99, 23294, 1892, 0),
	(99, 14553, 0, 0),
	(99, 23295, 1503, 0),
	(99, 23281, 911, 0),
	(99, 18434, 1886, 0),
	(99, 23280, 2617, 0),
	(99, 16058, 0, 0),
	(99, 17045, 0, 0),
	(99, 18470, 0, 0),
	(99, 21565, 0, 0),
	(99, 18461, 1888, 0),
	(99, 20069, 2505, 0),
	(99, 22398, 0, 0),
	(100, 23308, 1503, 0),
	(100, 19426, 0, 0),
	(100, 23309, 2488, 0),
	(100, 23294, 1892, 0),
	(100, 20046, 0, 0),
	(100, 23295, 1503, 0),
	(100, 23281, 911, 0),
	(100, 22108, 1886, 0),
	(100, 23280, 2617, 0),
	(100, 22433, 0, 0),
	(100, 22339, 0, 0),
	(100, 22268, 0, 0),
	(100, 21565, 0, 0),
	(100, 11623, 1888, 0),
	(100, 20070, 2504, 0),
	(100, 19315, 0, 0),
	(100, 23197, 0, 0),
	(101, 23312, 1503, 0),
	(101, 15411, 0, 0),
	(101, 23313, 2488, 0),
	(101, 23298, 1892, 0),
	(101, 20045, 0, 0),
	(101, 23299, 1503, 0),
	(101, 23285, 911, 0),
	(101, 19587, 1886, 0),
	(101, 23284, 2564, 0),
	(101, 19325, 0, 0),
	(101, 13098, 0, 0),
	(101, 13965, 0, 0),
	(101, 10645, 0, 0),
	(101, 20073, 1888, 0),
	(101, 19324, 1900, 0),
	(101, 13368, 37, 0),
	(101, 19562, 2523, 0),
	(102, 23312, 1503, 0),
	(102, 15411, 0, 0),
	(102, 23313, 2488, 0),
	(102, 23298, 1892, 0),
	(102, 20045, 0, 0),
	(102, 23299, 1503, 0),
	(102, 23285, 911, 0),
	(102, 19587, 1886, 0),
	(102, 23284, 2564, 0),
	(102, 19325, 0, 0),
	(102, 13098, 0, 0),
	(102, 13965, 0, 0),
	(102, 10645, 0, 0),
	(102, 20073, 1888, 0),
	(102, 12940, 1900, 0),
	(102, 13368, 37, 0),
	(102, 19562, 2523, 0),
	(103, 21999, 1503, 0),
	(103, 22150, 0, 0),
	(103, 22001, 2488, 0),
	(103, 12895, 1892, 0),
	(103, 21994, 0, 0),
	(103, 22000, 1503, 0),
	(103, 21995, 911, 0),
	(103, 21996, 1886, 0),
	(103, 21998, 2564, 0),
	(103, 2246, 0, 0),
	(103, 19325, 0, 0),
	(103, 18537, 0, 0),
	(103, 18537, 0, 0),
	(103, 18511, 1888, 0),
	(103, 18348, 1900, 0),
	(103, 19321, 929, 0),
	(103, 12651, 0, 0),
	(104, 16963, 1503, 0),
	(104, 19383, 0, 0),
	(104, 19394, 2606, 0),
	(104, 38, 0, 0),
	(104, 12895, 1892, 0),
	(104, 19137, 0, 0),
	(104, 14554, 1503, 0),
	(104, 19387, 911, 0),
	(104, 19578, 1886, 0),
	(104, 19143, 2564, 0),
	(104, 18821, 0, 0),
	(104, 17063, 0, 0),
	(104, 19406, 0, 0),
	(104, 13965, 0, 0),
	(104, 17107, 1888, 0),
	(104, 17104, 1900, 0),
	(104, 17072, 0, 0),
	(105, 16963, 1503, 0),
	(105, 19383, 0, 0),
	(105, 19394, 2606, 0),
	(105, 38, 0, 0),
	(105, 12895, 1892, 0),
	(105, 19137, 0, 0),
	(105, 14554, 1503, 0),
	(105, 19387, 911, 0),
	(105, 19578, 1886, 0),
	(105, 19143, 2564, 0),
	(105, 18821, 0, 0),
	(105, 17063, 0, 0),
	(105, 19406, 0, 0),
	(105, 13965, 0, 0),
	(105, 17107, 1888, 0),
	(105, 17076, 1900, 0),
	(105, 17072, 0, 0),
	(106, 16963, 1503, 0),
	(106, 19383, 0, 0),
	(106, 19394, 2606, 0),
	(106, 38, 0, 0),
	(106, 12895, 1892, 0),
	(106, 19137, 0, 0),
	(106, 14554, 1503, 0),
	(106, 19387, 911, 0),
	(106, 19578, 1886, 0),
	(106, 19143, 2564, 0),
	(106, 18821, 0, 0),
	(106, 17063, 0, 0),
	(106, 19406, 0, 0),
	(106, 13965, 0, 0),
	(106, 17107, 1888, 0),
	(106, 19364, 0, 0),
	(106, 17072, 0, 0),
	(107, 16908, 1503, 0),
	(107, 19377, 0, 0),
	(107, 16832, 2606, 0),
	(107, 16905, 1891, 0),
	(107, 16910, 0, 0),
	(107, 16909, 1503, 0),
	(107, 16906, 911, 0),
	(107, 16911, 1886, 0),
	(107, 16907, 2564, 0),
	(107, 17063, 0, 0),
	(107, 19384, 0, 0),
	(107, 13965, 0, 0),
	(107, 19406, 0, 0),
	(107, 19398, 2622, 0),
	(107, 17075, 1900, 0),
	(107, 18805, 1900, 0),
	(107, 17069, 0, 0),
	(108, 16908, 1503, 0),
	(108, 19377, 0, 0),
	(108, 16832, 2606, 0),
	(108, 16905, 1891, 0),
	(108, 16910, 0, 0),
	(108, 16909, 1503, 0),
	(108, 16906, 911, 0),
	(108, 16911, 1886, 0),
	(108, 16907, 2564, 0),
	(108, 17063, 0, 0),
	(108, 19384, 0, 0),
	(108, 13965, 0, 0),
	(108, 19406, 0, 0),
	(108, 19398, 2622, 0),
	(108, 18816, 1900, 0),
	(108, 18805, 1900, 0),
	(108, 17069, 0, 0),
	(109, 19375, 1503, 0),
	(109, 18814, 0, 0),
	(109, 19370, 2605, 0),
	(109, 16916, 1892, 0),
	(109, 19136, 0, 0),
	(109, 16915, 1503, 0),
	(109, 16912, 911, 0),
	(109, 19374, 1886, 0),
	(109, 16913, 2615, 0),
	(109, 19147, 0, 0),
	(109, 19403, 0, 0),
	(109, 18820, 0, 0),
	(109, 19339, 0, 0),
	(109, 19378, 1888, 0),
	(109, 19356, 2504, 0),
	(109, 19367, 0, 0),
	(110, 16929, 1503, 0),
	(110, 18814, 0, 0),
	(110, 16932, 2605, 0),
	(110, 16931, 1892, 0),
	(110, 16933, 0, 0),
	(110, 16930, 1503, 0),
	(110, 16927, 911, 0),
	(110, 16934, 1886, 0),
	(110, 16928, 2614, 0),
	(110, 19403, 0, 0),
	(110, 19147, 0, 0),
	(110, 19379, 0, 0),
	(110, 18820, 0, 0),
	(110, 19378, 1888, 0),
	(110, 19356, 2504, 0),
	(110, 19367, 0, 0),
	(111, 16921, 1503, 0),
	(111, 18814, 0, 0),
	(111, 16924, 2604, 0),
	(111, 16923, 1892, 0),
	(111, 16925, 0, 0),
	(111, 16922, 1503, 0),
	(111, 16919, 911, 0),
	(111, 16926, 1886, 0),
	(111, 16920, 2617, 0),
	(111, 19140, 0, 0),
	(111, 19382, 0, 0),
	(111, 19345, 0, 0),
	(111, 19395, 0, 0),
	(111, 19430, 1888, 0),
	(111, 19360, 2505, 0),
	(111, 19366, 0, 0),
	(111, 19367, 0, 0),
	(112, 19375, 1503, 0),
	(112, 18814, 0, 0),
	(112, 19370, 2605, 0),
	(112, 19145, 1892, 0),
	(112, 18809, 0, 0),
	(112, 19133, 1503, 0),
	(112, 19131, 911, 0),
	(112, 19374, 1886, 0),
	(112, 19407, 2614, 0),
	(112, 19403, 0, 0),
	(112, 19434, 0, 0),
	(112, 19345, 0, 0),
	(112, 18820, 0, 0),
	(112, 19378, 1888, 0),
	(112, 19360, 2504, 0),
	(112, 19366, 0, 0),
	(112, 19367, 0, 0),
	(113, 16939, 1503, 0),
	(113, 19377, 0, 0),
	(113, 16937, 2606, 0),
	(113, 16942, 1891, 0),
	(113, 16936, 0, 0),
	(113, 16938, 1503, 0),
	(113, 16941, 911, 0),
	(113, 16935, 1886, 0),
	(113, 16940, 2564, 0),
	(113, 17063, 0, 0),
	(113, 19384, 0, 0),
	(113, 19406, 0, 0),
	(113, 19991, 0, 0),
	(113, 19398, 1888, 0),
	(113, 19364, 2646, 0),
	(113, 19361, 664, 0),
	(114, 16955, 1503, 0),
	(114, 18814, 0, 0),
	(114, 16953, 2604, 0),
	(114, 16958, 1892, 0),
	(114, 16952, 0, 0),
	(114, 16954, 1503, 0),
	(114, 16957, 911, 0),
	(114, 16951, 1886, 0),
	(114, 16956, 2617, 0),
	(114, 19382, 0, 0),
	(114, 19140, 0, 0),
	(114, 19395, 0, 0),
	(114, 19343, 0, 0),
	(114, 19430, 1888, 0),
	(114, 19360, 2505, 0),
	(114, 19348, 929, 0),
	(114, 23201, 0, 0),
	(115, 12640, 1503, 0),
	(115, 18404, 0, 0),
	(115, 16953, 2606, 0),
	(115, 16958, 1892, 0),
	(115, 19137, 0, 0),
	(115, 19402, 1503, 0),
	(115, 16957, 911, 0),
	(115, 12936, 1886, 0),
	(115, 19143, 2564, 0),
	(115, 19432, 0, 0),
	(115, 18821, 0, 0),
	(115, 13965, 0, 0),
	(115, 19406, 0, 0),
	(115, 19436, 849, 0),
	(115, 17182, 1900, 0),
	(115, 22401, 0, 0),
	(116, 12640, 1503, 0),
	(116, 18404, 0, 0),
	(116, 16953, 2606, 0),
	(116, 16958, 1892, 0),
	(116, 19137, 0, 0),
	(116, 19402, 1503, 0),
	(116, 16957, 911, 0),
	(116, 12936, 1886, 0),
	(116, 19143, 2564, 0),
	(116, 19432, 0, 0),
	(116, 18821, 0, 0),
	(116, 13965, 0, 0),
	(116, 19406, 0, 0),
	(116, 19436, 849, 0),
	(116, 19357, 1900, 0),
	(116, 22401, 0, 0),
	(117, 12640, 1503, 0),
	(117, 18404, 0, 0),
	(117, 16953, 2606, 0),
	(117, 16958, 1892, 0),
	(117, 19137, 0, 0),
	(117, 19402, 1503, 0),
	(117, 16957, 911, 0),
	(117, 12936, 1886, 0),
	(117, 19143, 2564, 0),
	(117, 19432, 0, 0),
	(117, 18821, 0, 0),
	(117, 13965, 0, 0),
	(117, 19406, 0, 0),
	(117, 19436, 849, 0),
	(117, 19334, 1900, 0),
	(117, 22401, 0, 0),
	(118, 12640, 1503, 0),
	(118, 18404, 0, 0),
	(118, 16953, 2606, 0),
	(118, 16958, 1892, 0),
	(118, 19137, 0, 0),
	(118, 19402, 1503, 0),
	(118, 16957, 911, 0),
	(118, 12936, 1886, 0),
	(118, 19143, 2564, 0),
	(118, 19432, 0, 0),
	(118, 18821, 0, 0),
	(118, 13965, 0, 0),
	(118, 19406, 0, 0),
	(118, 19436, 849, 0),
	(118, 17104, 1900, 0),
	(118, 22401, 0, 0),
	(119, 12640, 1503, 0),
	(119, 18404, 0, 0),
	(119, 16953, 2606, 0),
	(119, 16958, 1892, 0),
	(119, 19137, 0, 0),
	(119, 19402, 1503, 0),
	(119, 16957, 911, 0),
	(119, 12936, 1886, 0),
	(119, 19143, 2564, 0),
	(119, 19432, 0, 0),
	(119, 18821, 0, 0),
	(119, 13965, 0, 0),
	(119, 19406, 0, 0),
	(119, 19436, 849, 0),
	(119, 17076, 1900, 0),
	(119, 22401, 0, 0),
	(120, 12640, 1503, 0),
	(120, 18404, 0, 0),
	(120, 16953, 2606, 0),
	(120, 16958, 1892, 0),
	(120, 19137, 0, 0),
	(120, 19402, 1503, 0),
	(120, 16957, 911, 0),
	(120, 12936, 1886, 0),
	(120, 19143, 2564, 0),
	(120, 19432, 0, 0),
	(120, 18821, 0, 0),
	(120, 13965, 0, 0),
	(120, 19406, 0, 0),
	(120, 19436, 849, 0),
	(120, 19353, 1900, 0),
	(120, 22401, 0, 0),
	(121, 19945, 1503, 0),
	(121, 19377, 0, 0),
	(121, 21665, 2606, 0),
	(121, 21680, 1892, 0),
	(121, 20216, 0, 0),
	(121, 15062, 1503, 0),
	(121, 19381, 911, 0),
	(121, 19146, 1886, 0),
	(121, 21672, 2564, 0),
	(121, 17063, 0, 0),
	(121, 19432, 0, 0),
	(121, 19406, 0, 0),
	(121, 13965, 0, 0),
	(121, 18541, 1889, 0),
	(121, 20580, 2564, 0),
	(121, 13385, 0, 0),
	(121, 22397, 0, 0),
	(122, 21353, 1503, 0),
	(122, 18814, 0, 0),
	(122, 21354, 2605, 0),
	(122, 21357, 1892, 0),
	(122, 19400, 0, 0),
	(122, 21356, 1503, 0),
	(122, 21355, 911, 0),
	(122, 19374, 1886, 0),
	(122, 21689, 2617, 0),
	(122, 19403, 0, 0),
	(122, 19147, 0, 0),
	(122, 19950, 0, 0),
	(122, 19379, 0, 0),
	(122, 19378, 1888, 0),
	(122, 19360, 2504, 0),
	(122, 19315, 0, 0),
	(122, 23197, 0, 0),
	(123, 21353, 1503, 0),
	(123, 19383, 0, 0),
	(123, 21354, 2606, 0),
	(123, 21357, 1892, 0),
	(123, 20216, 0, 0),
	(123, 21356, 1503, 0),
	(123, 21355, 911, 0),
	(123, 19146, 1886, 0),
	(123, 21672, 2564, 0),
	(123, 17063, 0, 0),
	(123, 19432, 0, 0),
	(123, 19406, 0, 0),
	(123, 13965, 0, 0),
	(123, 18541, 1889, 0),
	(123, 20580, 2564, 0),
	(123, 13385, 0, 0),
	(123, 22397, 0, 0),
	(124, 16900, 1503, 0),
	(124, 18814, 0, 0),
	(124, 16902, 2604, 0),
	(124, 16897, 1892, 0),
	(124, 16903, 0, 0),
	(124, 16901, 1503, 0),
	(124, 16898, 911, 0),
	(124, 16904, 1886, 0),
	(124, 16899, 2617, 0),
	(124, 19382, 0, 0),
	(124, 19140, 0, 0),
	(124, 19395, 0, 0),
	(124, 17064, 0, 0),
	(124, 19430, 1888, 0),
	(124, 19360, 2505, 0),
	(124, 19366, 0, 0),
	(124, 22397, 0, 0),
	(125, 21372, 1503, 0),
	(125, 18814, 0, 0),
	(125, 21376, 2605, 0),
	(125, 21374, 1892, 0),
	(125, 19393, 0, 0),
	(125, 21375, 1503, 0),
	(125, 21373, 911, 0),
	(125, 19374, 1886, 0),
	(125, 16839, 2617, 0),
	(125, 19147, 0, 0),
	(125, 19403, 0, 0),
	(125, 19379, 0, 0),
	(125, 18820, 0, 0),
	(125, 19378, 1888, 0),
	(125, 19360, 2504, 0),
	(125, 17106, 929, 0),
	(125, 23199, 0, 0),
	(126, 18817, 1503, 0),
	(126, 18404, 0, 0),
	(126, 19373, 2606, 0),
	(126, 19904, 1892, 0),
	(126, 19380, 0, 0),
	(126, 20627, 1503, 0),
	(126, 19144, 911, 0),
	(126, 18812, 1886, 0),
	(126, 19157, 2564, 0),
	(126, 19384, 0, 0),
	(126, 17063, 0, 0),
	(126, 19406, 0, 0),
	(126, 13965, 0, 0),
	(126, 18541, 1888, 0),
	(126, 17182, 1900, 0),
	(126, 22395, 0, 0),
	(127, 18817, 1503, 0),
	(127, 18404, 0, 0),
	(127, 19373, 2606, 0),
	(127, 19904, 1892, 0),
	(127, 19380, 0, 0),
	(127, 20627, 1503, 0),
	(127, 19144, 911, 0),
	(127, 18812, 1886, 0),
	(127, 19157, 2564, 0),
	(127, 19384, 0, 0),
	(127, 17063, 0, 0),
	(127, 19406, 0, 0),
	(127, 13965, 0, 0),
	(127, 18541, 1888, 0),
	(127, 17104, 1900, 0),
	(127, 22395, 0, 0),
	(128, 18817, 1503, 0),
	(128, 18404, 0, 0),
	(128, 19373, 2606, 0),
	(128, 19904, 1892, 0),
	(128, 19380, 0, 0),
	(128, 20627, 1503, 0),
	(128, 19144, 911, 0),
	(128, 18812, 1886, 0),
	(128, 19157, 2564, 0),
	(128, 19384, 0, 0),
	(128, 17063, 0, 0),
	(128, 19406, 0, 0),
	(128, 13965, 0, 0),
	(128, 18541, 1888, 0),
	(128, 19357, 1900, 0),
	(128, 22395, 0, 0),
	(129, 18817, 1503, 0),
	(129, 18404, 0, 0),
	(129, 19373, 2606, 0),
	(129, 19904, 1892, 0),
	(129, 19380, 0, 0),
	(129, 20627, 1503, 0),
	(129, 19144, 911, 0),
	(129, 18812, 1886, 0),
	(129, 19157, 2564, 0),
	(129, 19384, 0, 0),
	(129, 17063, 0, 0),
	(129, 19406, 0, 0),
	(129, 13965, 0, 0),
	(129, 18541, 1888, 0),
	(129, 19360, 2504, 0),
	(129, 22395, 0, 0),
	(130, 18817, 1503, 0),
	(130, 18404, 0, 0),
	(130, 19373, 2606, 0),
	(130, 19904, 1892, 0),
	(130, 19380, 0, 0),
	(130, 20627, 1503, 0),
	(130, 19144, 911, 0),
	(130, 18812, 1886, 0),
	(130, 19157, 2564, 0),
	(130, 19384, 0, 0),
	(130, 17063, 0, 0),
	(130, 19406, 0, 0),
	(130, 13965, 0, 0),
	(130, 18541, 1888, 0),
	(130, 19353, 1900, 0),
	(130, 22395, 0, 0),
	(131, 18817, 1503, 0),
	(131, 18404, 0, 0),
	(131, 19373, 2606, 0),
	(131, 19904, 1892, 0),
	(131, 19380, 0, 0),
	(131, 20627, 1503, 0),
	(131, 19144, 911, 0),
	(131, 18812, 1886, 0),
	(131, 19157, 2564, 0),
	(131, 19384, 0, 0),
	(131, 17063, 0, 0),
	(131, 19406, 0, 0),
	(131, 13965, 0, 0),
	(131, 18541, 1888, 0),
	(131, 19363, 1900, 0),
	(131, 17106, 929, 0),
	(131, 22395, 0, 0);

    -- Dumping structure for table mangos.player_premade_item_template
CREATE TABLE IF NOT EXISTS `player_premade_item_template` (
  `entry` int(10) unsigned NOT NULL,
  `class` tinyint(3) unsigned NOT NULL DEFAULT 0,
  `level` tinyint(3) unsigned NOT NULL DEFAULT 60,
  `role` tinyint(3) unsigned NOT NULL DEFAULT 0,
  `name` varchar(50) DEFAULT '',
  PRIMARY KEY (`entry`)
) ENGINE=InnoDB DEFAULT CHARSET=utf8mb3 COLLATE=utf8mb3_unicode_ci;

-- Dumping data for table mangos.player_premade_item_template: ~98 rows (approximately)
INSERT IGNORE `player_premade_item_template` (`entry`, `class`, `level`, `role`, `name`) VALUES
	(33, 4, 19, 1, 'dps-19-twink'),
	(34, 4, 29, 1, 'dps-29-twink'),
	(35, 4, 39, 1, 'dps-39-twink'),
	(36, 4, 49, 1, 'dps-49-twink'),
	(37, 9, 19, 2, 'dps-19-twink'),
	(38, 9, 29, 2, 'dps-29-twink'),
	(39, 9, 39, 2, 'dps-39-twink'),
	(40, 9, 49, 2, 'dps-49-twink'),
	(41, 3, 19, 2, 'dps-19-twink'),
	(42, 3, 29, 2, 'dps-29-twink'),
	(43, 3, 39, 2, 'dps-39-twink'),
	(44, 3, 49, 2, 'dps-49-twink'),
	(45, 11, 19, 1, 'dps-19-twink'),
	(46, 11, 29, 1, 'dps-29-twink'),
	(47, 11, 39, 1, 'dps-39-twink'),
	(48, 11, 49, 1, 'dps-49-twink'),
	(49, 8, 19, 2, 'dps-19-twink'),
	(50, 8, 29, 2, 'dps-29-twink'),
	(51, 8, 39, 2, 'dps-39-twink'),
	(52, 8, 49, 2, 'dps-49-twink'),
	(53, 2, 19, 1, 'dps-19-twink'),
	(54, 2, 29, 4, 'heal-29-twink'),
	(55, 2, 29, 3, 'tank-29-twink'),
	(56, 2, 29, 1, 'dps-29-twink'),
	(57, 2, 39, 1, 'dps-39-twink'),
	(58, 2, 39, 3, 'tank-39-twink'),
	(59, 2, 39, 4, 'heal-39-twink'),
	(60, 2, 49, 4, 'heal-49-twink'),
	(61, 2, 49, 1, 'dps-49-twink'),
	(62, 2, 49, 3, 'tank-49-twink'),
	(63, 1, 19, 1, 'dps-19-twink'),
	(64, 1, 29, 3, 'tank-29-twink'),
	(65, 1, 29, 1, 'dps-29-twink'),
	(66, 1, 39, 1, 'dps-39-twink'),
	(67, 1, 39, 3, 'tank-39-twink'),
	(68, 1, 49, 1, 'dps-49-twink'),
	(69, 1, 49, 3, 'tank-49-twink'),
	(70, 5, 19, 2, 'dps-19-twink'),
	(71, 5, 29, 4, 'heal-29-twink'),
	(72, 5, 29, 2, 'dps-29-twink'),
	(73, 5, 39, 2, 'dps-39-twink'),
	(74, 5, 39, 4, 'heal-39-twink'),
	(75, 5, 49, 4, 'heal-49-twink'),
	(76, 5, 49, 2, 'dps-49-twink'),
	(77, 7, 19, 2, 'caster-dps-19-twink'),
	(78, 7, 29, 4, 'heal-29-twink'),
	(79, 7, 29, 2, 'caster-dps-29-twink'),
	(80, 7, 29, 1, 'dps-29-twink'),
	(81, 7, 39, 1, 'dps-39-twink'),
	(82, 7, 39, 2, 'caster-dps-39-twink'),
	(83, 7, 39, 4, 'heal-39-twink'),
	(84, 7, 49, 4, 'heal-49-twink'),
	(85, 7, 49, 2, 'caster-dps-49-twink'),
	(86, 7, 49, 1, 'dps-49-twink'),
	(87, 1, 60, 1, 'arms-pvp'),
	(88, 5, 60, 4, 'disc-pvp'),
	(89, 5, 60, 2, 'shadow-pvp'),
	(90, 8, 60, 2, 'mage-pvp'),
	(91, 9, 60, 2, 'warlock-pvp'),
	(92, 7, 60, 2, 'Ele-Pvp'),
	(93, 7, 60, 4, 'Resto-PvP'),
	(94, 7, 60, 1, 'Enh-PvP'),
	(95, 2, 60, 4, 'Holy-PvP'),
	(96, 2, 60, 1, 'Ret-PvP'),
	(97, 3, 60, 2, 'Hunter-PvP'),
	(98, 11, 60, 1, 'Feral-PvP'),
	(99, 11, 60, 4, 'RDruid-PvP'),
	(100, 11, 60, 2, 'Balance-PvP'),
	(101, 4, 60, 1, 'RogueDaggers-PvP'),
	(102, 4, 60, 1, 'RogueSword-PvP'),
	(103, 1, 60, 3, 'ProtPvP'),
	(104, 1, 60, 1, 'Arms-Axe-T2-PvP'),
	(105, 1, 60, 1, 'Arms-Sword-T2-PvP'),
	(106, 1, 60, 1, 'Arms-Sword2-T2-PvP'),
	(107, 4, 60, 1, 'Rogue-Sword2-T2-PvP'),
	(108, 4, 60, 1, 'Rogue-Dagger-T2-PvP'),
	(109, 8, 60, 2, 'Mage-T2-PvP'),
	(110, 9, 60, 2, 'Warlock-T2-PvP'),
	(111, 5, 60, 4, 'Priest-Disc-T2-PvP'),
	(112, 5, 60, 2, 'Priest-Shadow-T2-PvP'),
	(113, 3, 60, 2, 'Hunter-T2-PvP'),
	(114, 2, 60, 4, 'Paladin-Holy-T2-PvP'),
	(115, 2, 60, 1, 'Paladin-Ret-T2-PvP1'),
	(116, 2, 60, 1, 'Paladin-Ret-T2-PvP2'),
	(117, 2, 60, 1, 'Paladin-Ret-T2-PvP3'),
	(118, 2, 60, 1, 'Paladin-Ret-T2-PvP4'),
	(119, 2, 60, 1, 'Paladin-Ret-T2-PvP5'),
	(120, 2, 60, 1, 'Paladin-Ret-T2-PvP6'),
	(121, 11, 60, 1, 'Druid-Feral-AQ-PvP'),
	(122, 11, 60, 2, 'Druid-Balance-T2.5-PvP'),
	(123, 11, 60, 1, 'Druid-Feral-T2.5-PvP'),
	(124, 11, 60, 4, 'Druid-Resto-BWL-PvP'),
	(125, 7, 60, 2, 'Shaman-Elemental-T2.5-PvP'),
	(126, 7, 60, 1, 'Shaman-Enhancement-BWL-PvP1'),
	(127, 7, 60, 1, 'Shaman-Enhancement-BWL-PvP2'),
	(128, 7, 60, 1, 'Shaman-Enhancement-BWL-PvP3'),
	(129, 7, 60, 1, 'Shaman-Enhancement-BWL-PvP4'),
	(130, 7, 60, 1, 'Shaman-Enhancement-BWL-PvP5'),
	(131, 7, 60, 1, 'Shaman-Enhancement-BWL-PvP6');

-- Dumping structure for table mangos.player_premade_spell
CREATE TABLE IF NOT EXISTS `player_premade_spell` (
  `entry` int(10) unsigned NOT NULL,
  `spell` smallint(5) unsigned NOT NULL,
  PRIMARY KEY (`entry`,`spell`)
) ENGINE=InnoDB DEFAULT CHARSET=utf8mb3 COLLATE=utf8mb3_unicode_ci;

-- Dumping data for table mangos.player_premade_spell: ~4,164 rows (approximately)
INSERT IGNORE `player_premade_spell` (`entry`, `spell`) VALUES
	(1, 71),
	(1, 355),
	(1, 676),
	(1, 871),
	(1, 1161),
	(1, 1672),
	(1, 1680),
	(1, 1719),
	(1, 2458),
	(1, 2565),
	(1, 2687),
	(1, 3127),
	(1, 5246),
	(1, 6554),
	(1, 7373),
	(1, 11556),
	(1, 11574),
	(1, 11578),
	(1, 11581),
	(1, 11585),
	(1, 11597),
	(1, 11605),
	(1, 12290),
	(1, 12296),
	(1, 12328),
	(1, 12659),
	(1, 12663),
	(1, 12679),
	(1, 12856),
	(1, 12861),
	(1, 12867),
	(1, 12974),
	(1, 13002),
	(1, 13048),
	(1, 16494),
	(1, 18499),
	(1, 20230),
	(1, 20503),
	(1, 20560),
	(1, 20569),
	(1, 20617),
	(1, 20662),
	(1, 23588),
	(1, 23894),
	(1, 25286),
	(1, 25288),
	(1, 25289),
	(2, 1020),
	(2, 1038),
	(2, 1044),
	(2, 1152),
	(2, 3127),
	(2, 4987),
	(2, 5573),
	(2, 10278),
	(2, 10293),
	(2, 10301),
	(2, 10308),
	(2, 10310),
	(2, 10314),
	(2, 10318),
	(2, 10326),
	(2, 13819),
	(2, 19746),
	(2, 19752),
	(2, 19896),
	(2, 19898),
	(2, 19900),
	(2, 19943),
	(2, 19979),
	(2, 20048),
	(2, 20059),
	(2, 20066),
	(2, 20104),
	(2, 20113),
	(2, 20121),
	(2, 20142),
	(2, 20164),
	(2, 20193),
	(2, 20208),
	(2, 20218),
	(2, 20266),
	(2, 20271),
	(2, 20293),
	(2, 20308),
	(2, 20337),
	(2, 20349),
	(2, 20357),
	(2, 20729),
	(2, 20773),
	(2, 20920),
	(2, 20924),
	(2, 23214),
	(2, 24239),
	(2, 25290),
	(2, 25291),
	(2, 25292),
	(2, 25780),
	(2, 25890),
	(2, 25895),
	(2, 25916),
	(2, 25918),
	(2, 25957),
	(2, 26023),
	(2, 33391),
	(3, 883),
	(3, 982),
	(3, 1002),
	(3, 1462),
	(3, 1494),
	(3, 1515),
	(3, 1543),
	(3, 2641),
	(3, 3045),
	(3, 3127),
	(3, 4195),
	(3, 4196),
	(3, 4197),
	(3, 4198),
	(3, 4199),
	(3, 4200),
	(3, 4201),
	(3, 4202),
	(3, 5048),
	(3, 5049),
	(3, 5116),
	(3, 5118),
	(3, 5149),
	(3, 5384),
	(3, 6197),
	(3, 6991),
	(3, 13159),
	(3, 13161),
	(3, 13163),
	(3, 13544),
	(3, 13809),
	(3, 14266),
	(3, 14268),
	(3, 14271),
	(3, 14273),
	(3, 14277),
	(3, 14280),
	(3, 14287),
	(3, 14295),
	(3, 14305),
	(3, 14311),
	(3, 14317),
	(3, 14325),
	(3, 14327),
	(3, 14923),
	(3, 14924),
	(3, 14925),
	(3, 14926),
	(3, 14927),
	(3, 15632),
	(3, 19153),
	(3, 19160),
	(3, 19258),
	(3, 19263),
	(3, 19297),
	(3, 19420),
	(3, 19422),
	(3, 19431),
	(3, 19490),
	(3, 19500),
	(3, 19503),
	(3, 19511),
	(3, 19553),
	(3, 19878),
	(3, 19879),
	(3, 19880),
	(3, 19882),
	(3, 19883),
	(3, 19884),
	(3, 19885),
	(3, 20190),
	(3, 20904),
	(3, 20906),
	(3, 24283),
	(3, 24295),
	(3, 24440),
	(3, 24441),
	(3, 24463),
	(3, 24464),
	(3, 24475),
	(3, 24476),
	(3, 24477),
	(3, 24478),
	(3, 24490),
	(3, 24494),
	(3, 24495),
	(3, 24508),
	(3, 24509),
	(3, 24510),
	(3, 24511),
	(3, 24512),
	(3, 24513),
	(3, 24514),
	(3, 24515),
	(3, 24516),
	(3, 24547),
	(3, 24556),
	(3, 24557),
	(3, 24558),
	(3, 24559),
	(3, 24560),
	(3, 24561),
	(3, 24562),
	(3, 24631),
	(3, 24632),
	(3, 24691),
	(3, 25294),
	(3, 25295),
	(3, 25296),
	(4, 921),
	(4, 1725),
	(4, 1769),
	(4, 1787),
	(4, 1804),
	(4, 1833),
	(4, 1842),
	(4, 1857),
	(4, 1860),
	(4, 2094),
	(4, 2836),
	(4, 2842),
	(4, 3127),
	(4, 3421),
	(4, 5277),
	(4, 6510),
	(4, 6774),
	(4, 8643),
	(4, 11198),
	(4, 11269),
	(4, 11275),
	(4, 11286),
	(4, 11290),
	(4, 11294),
	(4, 11297),
	(4, 11300),
	(4, 11305),
	(4, 11343),
	(4, 11400),
	(4, 13230),
	(4, 13712),
	(4, 13750),
	(4, 13792),
	(4, 13845),
	(4, 13852),
	(4, 13863),
	(4, 13872),
	(4, 13875),
	(4, 13877),
	(4, 13964),
	(4, 14137),
	(4, 14142),
	(4, 14159),
	(4, 14161),
	(4, 14167),
	(4, 14179),
	(4, 18429),
	(4, 25300),
	(4, 25302),
	(4, 25347),
	(4, 30920),
	(5, 528),
	(5, 552),
	(5, 988),
	(5, 1706),
	(5, 2053),
	(5, 6064),
	(5, 6346),
	(5, 9485),
	(5, 10876),
	(5, 10890),
	(5, 10894),
	(5, 10901),
	(5, 10909),
	(5, 10912),
	(5, 10917),
	(5, 10934),
	(5, 10938),
	(5, 10942),
	(5, 10947),
	(5, 10952),
	(5, 10953),
	(5, 10958),
	(5, 14523),
	(5, 14528),
	(5, 14751),
	(5, 14767),
	(5, 14769),
	(5, 14777),
	(5, 14783),
	(5, 15261),
	(5, 15286),
	(5, 15310),
	(5, 15317),
	(5, 15320),
	(5, 15330),
	(5, 15334),
	(5, 15338),
	(5, 15473),
	(5, 15487),
	(5, 17325),
	(5, 18807),
	(5, 19243),
	(5, 19266),
	(5, 19280),
	(5, 20770),
	(5, 21564),
	(5, 25314),
	(5, 25315),
	(5, 25316),
	(5, 27683),
	(6, 131),
	(6, 526),
	(6, 546),
	(6, 556),
	(6, 2484),
	(6, 2645),
	(6, 2870),
	(6, 6196),
	(6, 6495),
	(6, 8012),
	(6, 8143),
	(6, 8166),
	(6, 8170),
	(6, 8177),
	(6, 10408),
	(6, 10414),
	(6, 10428),
	(6, 10432),
	(6, 10438),
	(6, 10463),
	(6, 10468),
	(6, 10473),
	(6, 10479),
	(6, 10497),
	(6, 10538),
	(6, 10587),
	(6, 10601),
	(6, 10605),
	(6, 10614),
	(6, 10623),
	(6, 11315),
	(6, 15112),
	(6, 15208),
	(6, 16089),
	(6, 16108),
	(6, 16112),
	(6, 16120),
	(6, 16161),
	(6, 16164),
	(6, 16166),
	(6, 16189),
	(6, 16198),
	(6, 16209),
	(6, 16217),
	(6, 16221),
	(6, 16224),
	(6, 16316),
	(6, 16342),
	(6, 16356),
	(6, 16362),
	(6, 16387),
	(6, 16582),
	(6, 20608),
	(6, 20777),
	(6, 25357),
	(6, 25359),
	(6, 25361),
	(6, 25908),
	(6, 28998),
	(6, 29000),
	(6, 29228),
	(7, 130),
	(7, 475),
	(7, 759),
	(7, 1953),
	(7, 2139),
	(7, 2855),
	(7, 3552),
	(7, 3561),
	(7, 3562),
	(7, 3565),
	(7, 7301),
	(7, 10053),
	(7, 10054),
	(7, 10059),
	(7, 10139),
	(7, 10157),
	(7, 10161),
	(7, 10170),
	(7, 10174),
	(7, 10187),
	(7, 10193),
	(7, 10199),
	(7, 10202),
	(7, 10207),
	(7, 10216),
	(7, 10220),
	(7, 10225),
	(7, 10230),
	(7, 11416),
	(7, 11419),
	(7, 12042),
	(7, 12043),
	(7, 12051),
	(7, 12469),
	(7, 12503),
	(7, 12519),
	(7, 12577),
	(7, 12592),
	(7, 12826),
	(7, 12840),
	(7, 12953),
	(7, 15053),
	(7, 15060),
	(7, 16757),
	(7, 16766),
	(7, 18464),
	(7, 22783),
	(7, 23028),
	(7, 25304),
	(7, 25306),
	(7, 25345),
	(7, 28272),
	(7, 28574),
	(7, 28609),
	(7, 28612),
	(7, 29440),
	(7, 29446),
	(8, 126),
	(8, 132),
	(8, 603),
	(8, 688),
	(8, 691),
	(8, 696),
	(8, 697),
	(8, 698),
	(8, 712),
	(8, 2970),
	(8, 5500),
	(8, 5697),
	(8, 5784),
	(8, 6215),
	(8, 6358),
	(8, 7870),
	(8, 11675),
	(8, 11678),
	(8, 11684),
	(8, 11689),
	(8, 11695),
	(8, 11700),
	(8, 11703),
	(8, 11708),
	(8, 11713),
	(8, 11717),
	(8, 11719),
	(8, 11722),
	(8, 11726),
	(8, 11730),
	(8, 11735),
	(8, 11743),
	(8, 11775),
	(8, 17728),
	(8, 17779),
	(8, 17792),
	(8, 17803),
	(8, 17814),
	(8, 17862),
	(8, 17918),
	(8, 17923),
	(8, 17924),
	(8, 17926),
	(8, 17928),
	(8, 17953),
	(8, 17959),
	(8, 18134),
	(8, 18175),
	(8, 18183),
	(8, 18647),
	(8, 18693),
	(8, 18701),
	(8, 18707),
	(8, 18708),
	(8, 18710),
	(8, 18751),
	(8, 18771),
	(8, 18788),
	(8, 18871),
	(8, 19443),
	(8, 19647),
	(8, 19736),
	(8, 20757),
	(8, 23161),
	(8, 25307),
	(8, 25309),
	(8, 25311),
	(8, 28610),
	(8, 33391),
	(9, 768),
	(9, 783),
	(9, 1066),
	(9, 2782),
	(9, 2893),
	(9, 5209),
	(9, 5225),
	(9, 5229),
	(9, 6795),
	(9, 8983),
	(9, 9634),
	(9, 9821),
	(9, 9827),
	(9, 9830),
	(9, 9835),
	(9, 9846),
	(9, 9850),
	(9, 9853),
	(9, 9858),
	(9, 9863),
	(9, 9867),
	(9, 9881),
	(9, 9885),
	(9, 9892),
	(9, 9896),
	(9, 9898),
	(9, 9901),
	(9, 9904),
	(9, 9907),
	(9, 9908),
	(9, 9910),
	(9, 9912),
	(9, 9913),
	(9, 16820),
	(9, 16825),
	(9, 16835),
	(9, 16847),
	(9, 16880),
	(9, 16901),
	(9, 16913),
	(9, 16919),
	(9, 16926),
	(9, 17055),
	(9, 17068),
	(9, 17108),
	(9, 17249),
	(9, 17329),
	(9, 17402),
	(9, 18658),
	(9, 20719),
	(9, 20748),
	(9, 21850),
	(9, 22812),
	(9, 22829),
	(9, 22896),
	(9, 24858),
	(9, 24977),
	(9, 25297),
	(9, 25298),
	(9, 25299),
	(9, 29166),
	(10, 1020),
	(10, 1038),
	(10, 1044),
	(10, 1152),
	(10, 3127),
	(10, 4987),
	(10, 5573),
	(10, 10278),
	(10, 10293),
	(10, 10301),
	(10, 10308),
	(10, 10310),
	(10, 10314),
	(10, 10318),
	(10, 10326),
	(10, 13819),
	(10, 19746),
	(10, 19752),
	(10, 19896),
	(10, 19898),
	(10, 19900),
	(10, 19943),
	(10, 19979),
	(10, 20048),
	(10, 20142),
	(10, 20164),
	(10, 20175),
	(10, 20193),
	(10, 20208),
	(10, 20215),
	(10, 20216),
	(10, 20217),
	(10, 20235),
	(10, 20239),
	(10, 20245),
	(10, 20261),
	(10, 20271),
	(10, 20293),
	(10, 20308),
	(10, 20349),
	(10, 20357),
	(10, 20361),
	(10, 20729),
	(10, 20773),
	(10, 20924),
	(10, 20930),
	(10, 23214),
	(10, 24239),
	(10, 25290),
	(10, 25291),
	(10, 25292),
	(10, 25780),
	(10, 25829),
	(10, 25836),
	(10, 25890),
	(10, 25895),
	(10, 25898),
	(10, 25916),
	(10, 25918),
	(10, 33391),
	(11, 528),
	(11, 552),
	(11, 988),
	(11, 1706),
	(11, 2053),
	(11, 6064),
	(11, 6346),
	(11, 9485),
	(11, 10876),
	(11, 10890),
	(11, 10894),
	(11, 10901),
	(11, 10909),
	(11, 10912),
	(11, 10917),
	(11, 10934),
	(11, 10938),
	(11, 10942),
	(11, 10947),
	(11, 10952),
	(11, 10953),
	(11, 10958),
	(11, 14523),
	(11, 14751),
	(11, 14767),
	(11, 14769),
	(11, 14777),
	(11, 14783),
	(11, 14791),
	(11, 15011),
	(11, 15014),
	(11, 15020),
	(11, 15031),
	(11, 15261),
	(11, 15356),
	(11, 15363),
	(11, 18535),
	(11, 19243),
	(11, 19266),
	(11, 20770),
	(11, 21564),
	(11, 25314),
	(11, 25315),
	(11, 25316),
	(11, 27681),
	(11, 27683),
	(11, 27789),
	(11, 27801),
	(11, 27841),
	(12, 131),
	(12, 526),
	(12, 546),
	(12, 556),
	(12, 2484),
	(12, 2645),
	(12, 2870),
	(12, 6196),
	(12, 6495),
	(12, 8012),
	(12, 8143),
	(12, 8166),
	(12, 8170),
	(12, 8177),
	(12, 10408),
	(12, 10414),
	(12, 10428),
	(12, 10432),
	(12, 10438),
	(12, 10463),
	(12, 10468),
	(12, 10473),
	(12, 10479),
	(12, 10497),
	(12, 10538),
	(12, 10587),
	(12, 10601),
	(12, 10605),
	(12, 10614),
	(12, 10623),
	(12, 11315),
	(12, 15112),
	(12, 15208),
	(12, 16188),
	(12, 16189),
	(12, 16190),
	(12, 16208),
	(12, 16209),
	(12, 16213),
	(12, 16217),
	(12, 16221),
	(12, 16225),
	(12, 16229),
	(12, 16234),
	(12, 16240),
	(12, 16316),
	(12, 16342),
	(12, 16356),
	(12, 16362),
	(12, 16387),
	(12, 17489),
	(12, 20608),
	(12, 20777),
	(12, 25357),
	(12, 25359),
	(12, 25361),
	(12, 25908),
	(12, 29202),
	(12, 29228),
	(13, 768),
	(13, 783),
	(13, 1066),
	(13, 2782),
	(13, 2893),
	(13, 5209),
	(13, 5225),
	(13, 5229),
	(13, 6795),
	(13, 8983),
	(13, 9634),
	(13, 9821),
	(13, 9827),
	(13, 9830),
	(13, 9835),
	(13, 9846),
	(13, 9850),
	(13, 9853),
	(13, 9858),
	(13, 9863),
	(13, 9867),
	(13, 9881),
	(13, 9885),
	(13, 9892),
	(13, 9896),
	(13, 9898),
	(13, 9901),
	(13, 9904),
	(13, 9907),
	(13, 9908),
	(13, 9910),
	(13, 9912),
	(13, 9913),
	(13, 16818),
	(13, 16820),
	(13, 16840),
	(13, 17055),
	(13, 17065),
	(13, 17073),
	(13, 17078),
	(13, 17108),
	(13, 17113),
	(13, 17116),
	(13, 17249),
	(13, 17329),
	(13, 17402),
	(13, 18562),
	(13, 18658),
	(13, 20719),
	(13, 20748),
	(13, 21850),
	(13, 22812),
	(13, 22829),
	(13, 22896),
	(13, 24946),
	(13, 24972),
	(13, 24977),
	(13, 25297),
	(13, 25298),
	(13, 25299),
	(13, 29166),
	(14, 71),
	(14, 355),
	(14, 676),
	(14, 871),
	(14, 1161),
	(14, 1672),
	(14, 1680),
	(14, 1719),
	(14, 2458),
	(14, 2565),
	(14, 2687),
	(14, 3127),
	(14, 5246),
	(14, 6554),
	(14, 7373),
	(14, 11556),
	(14, 11574),
	(14, 11578),
	(14, 11581),
	(14, 11585),
	(14, 11597),
	(14, 11605),
	(14, 12296),
	(14, 12312),
	(14, 12679),
	(14, 12727),
	(14, 12764),
	(14, 12765),
	(14, 12792),
	(14, 12800),
	(14, 12809),
	(14, 12811),
	(14, 12818),
	(14, 12856),
	(14, 12945),
	(14, 12975),
	(14, 16466),
	(14, 16542),
	(14, 18499),
	(14, 20230),
	(14, 20560),
	(14, 20569),
	(14, 20617),
	(14, 20662),
	(14, 23925),
	(14, 25286),
	(14, 25288),
	(14, 25289),
	(15, 1020),
	(15, 1038),
	(15, 1044),
	(15, 1152),
	(15, 3127),
	(15, 4987),
	(15, 5573),
	(15, 10278),
	(15, 10293),
	(15, 10301),
	(15, 10308),
	(15, 10310),
	(15, 10314),
	(15, 10318),
	(15, 10326),
	(15, 13819),
	(15, 19746),
	(15, 19752),
	(15, 19896),
	(15, 19898),
	(15, 19900),
	(15, 19943),
	(15, 19979),
	(15, 20063),
	(15, 20100),
	(15, 20105),
	(15, 20137),
	(15, 20142),
	(15, 20147),
	(15, 20150),
	(15, 20164),
	(15, 20193),
	(15, 20261),
	(15, 20271),
	(15, 20293),
	(15, 20308),
	(15, 20332),
	(15, 20349),
	(15, 20357),
	(15, 20470),
	(15, 20729),
	(15, 20773),
	(15, 20914),
	(15, 20924),
	(15, 20928),
	(15, 23214),
	(15, 24239),
	(15, 25290),
	(15, 25291),
	(15, 25292),
	(15, 25780),
	(15, 25890),
	(15, 25895),
	(15, 25899),
	(15, 25916),
	(15, 25918),
	(15, 33391),
	(16, 768),
	(16, 783),
	(16, 1066),
	(16, 2782),
	(16, 2893),
	(16, 5209),
	(16, 5225),
	(16, 5229),
	(16, 6795),
	(16, 8983),
	(16, 9634),
	(16, 9821),
	(16, 9827),
	(16, 9830),
	(16, 9835),
	(16, 9846),
	(16, 9850),
	(16, 9853),
	(16, 9858),
	(16, 9863),
	(16, 9867),
	(16, 9881),
	(16, 9885),
	(16, 9892),
	(16, 9896),
	(16, 9898),
	(16, 9901),
	(16, 9904),
	(16, 9907),
	(16, 9908),
	(16, 9910),
	(16, 9912),
	(16, 9913),
	(16, 16864),
	(16, 16906),
	(16, 16933),
	(16, 16938),
	(16, 16944),
	(16, 16951),
	(16, 16961),
	(16, 16975),
	(16, 16979),
	(16, 16999),
	(16, 17007),
	(16, 17061),
	(16, 17082),
	(16, 17249),
	(16, 17329),
	(16, 17392),
	(16, 17402),
	(16, 18658),
	(16, 20719),
	(16, 20748),
	(16, 21850),
	(16, 22812),
	(16, 22829),
	(16, 22896),
	(16, 24894),
	(16, 25297),
	(16, 25298),
	(16, 25299),
	(16, 29166),
	(17, 71),
	(17, 72),
	(17, 100),
	(17, 285),
	(17, 355),
	(17, 676),
	(17, 694),
	(17, 1160),
	(17, 1715),
	(17, 2565),
	(17, 2687),
	(17, 3127),
	(17, 5242),
	(17, 6546),
	(17, 6572),
	(17, 7384),
	(17, 7386),
	(17, 8198),
	(17, 12856),
	(17, 16466),
	(18, 71),
	(18, 72),
	(18, 355),
	(18, 676),
	(18, 845),
	(18, 871),
	(18, 1161),
	(18, 1608),
	(18, 1715),
	(18, 2565),
	(18, 2687),
	(18, 3127),
	(18, 5246),
	(18, 5308),
	(18, 6178),
	(18, 6190),
	(18, 6192),
	(18, 6547),
	(18, 6574),
	(18, 7400),
	(18, 7405),
	(18, 7887),
	(18, 8204),
	(18, 12659),
	(18, 12697),
	(18, 12856),
	(18, 12867),
	(18, 12963),
	(18, 16466),
	(18, 20230),
	(19, 71),
	(19, 355),
	(19, 676),
	(19, 871),
	(19, 1161),
	(19, 1671),
	(19, 1680),
	(19, 2458),
	(19, 2565),
	(19, 2687),
	(19, 3127),
	(19, 5246),
	(19, 6178),
	(19, 6548),
	(19, 6552),
	(19, 7369),
	(19, 7372),
	(19, 7379),
	(19, 7402),
	(19, 7887),
	(19, 8205),
	(19, 8380),
	(19, 8820),
	(19, 11549),
	(19, 11554),
	(19, 11564),
	(19, 12292),
	(19, 12659),
	(19, 12663),
	(19, 12679),
	(19, 12712),
	(19, 12784),
	(19, 12856),
	(19, 12867),
	(19, 12963),
	(19, 16494),
	(19, 18499),
	(19, 20230),
	(19, 20252),
	(19, 20658),
	(20, 71),
	(20, 355),
	(20, 676),
	(20, 871),
	(20, 1161),
	(20, 1671),
	(20, 1680),
	(20, 2458),
	(20, 2565),
	(20, 2687),
	(20, 3127),
	(20, 5246),
	(20, 6552),
	(20, 7372),
	(20, 11550),
	(20, 11555),
	(20, 11566),
	(20, 11572),
	(20, 11578),
	(20, 11580),
	(20, 11584),
	(20, 11596),
	(20, 11600),
	(20, 11604),
	(20, 11608),
	(20, 12292),
	(20, 12296),
	(20, 12659),
	(20, 12679),
	(20, 12697),
	(20, 12714),
	(20, 12785),
	(20, 12856),
	(20, 12867),
	(20, 12963),
	(20, 16463),
	(20, 16494),
	(20, 18499),
	(20, 20230),
	(20, 20559),
	(20, 20616),
	(20, 20661),
	(20, 21551),
	(20, 23695),
	(21, 633),
	(21, 647),
	(21, 853),
	(21, 1022),
	(21, 1044),
	(21, 1152),
	(21, 3127),
	(21, 5573),
	(21, 7294),
	(21, 7328),
	(21, 10290),
	(21, 19742),
	(21, 19834),
	(21, 20046),
	(21, 20142),
	(21, 20162),
	(21, 20175),
	(21, 20271),
	(21, 20288),
	(21, 25780),
	(22, 633),
	(22, 643),
	(22, 1026),
	(22, 1038),
	(22, 1044),
	(22, 1152),
	(22, 2878),
	(22, 3127),
	(22, 5573),
	(22, 5588),
	(22, 5599),
	(22, 5614),
	(22, 10298),
	(22, 10322),
	(22, 19746),
	(22, 19835),
	(22, 19850),
	(22, 19876),
	(22, 19939),
	(22, 20048),
	(22, 20121),
	(22, 20164),
	(22, 20271),
	(22, 20289),
	(22, 20305),
	(22, 20337),
	(22, 20375),
	(22, 25780),
	(22, 25957),
	(22, 25988),
	(22, 26023),
	(23, 642),
	(23, 1038),
	(23, 1044),
	(23, 1152),
	(23, 2800),
	(23, 3127),
	(23, 3472),
	(23, 5573),
	(23, 5588),
	(23, 5615),
	(23, 5627),
	(23, 9452),
	(23, 10278),
	(23, 10291),
	(23, 10299),
	(23, 10324),
	(23, 19746),
	(23, 19752),
	(23, 19836),
	(23, 19852),
	(23, 19876),
	(23, 19888),
	(23, 19891),
	(23, 19940),
	(23, 20059),
	(23, 20062),
	(23, 20105),
	(23, 20113),
	(23, 20121),
	(23, 20164),
	(23, 20165),
	(23, 20166),
	(23, 20218),
	(23, 20271),
	(23, 20290),
	(23, 20306),
	(23, 20915),
	(23, 25780),
	(23, 25957),
	(23, 25988),
	(23, 26023),
	(24, 642),
	(24, 1032),
	(24, 1038),
	(24, 1044),
	(24, 1152),
	(24, 2800),
	(24, 3127),
	(24, 4987),
	(24, 5573),
	(24, 5589),
	(24, 5627),
	(24, 6940),
	(24, 10278),
	(24, 10300),
	(24, 10312),
	(24, 10328),
	(24, 13819),
	(24, 19746),
	(24, 19752),
	(24, 19837),
	(24, 19853),
	(24, 19895),
	(24, 19897),
	(24, 19899),
	(24, 19941),
	(24, 19977),
	(24, 20059),
	(24, 20064),
	(24, 20066),
	(24, 20105),
	(24, 20113),
	(24, 20121),
	(24, 20164),
	(24, 20218),
	(24, 20266),
	(24, 20271),
	(24, 20291),
	(24, 20307),
	(24, 20347),
	(24, 20356),
	(24, 20772),
	(24, 20918),
	(24, 24275),
	(24, 25780),
	(24, 25957),
	(24, 25988),
	(24, 26021),
	(24, 26023),
	(24, 33388),
	(25, 136),
	(25, 883),
	(25, 982),
	(25, 1002),
	(25, 1130),
	(25, 1494),
	(25, 1495),
	(25, 1513),
	(25, 1515),
	(25, 2641),
	(25, 2643),
	(25, 2974),
	(25, 3127),
	(25, 5116),
	(25, 5149),
	(25, 6197),
	(25, 6991),
	(25, 13163),
	(25, 13550),
	(25, 13795),
	(25, 14261),
	(25, 14281),
	(25, 14318),
	(25, 19153),
	(25, 19297),
	(25, 19415),
	(25, 19883),
	(25, 19884),
	(25, 20736),
	(26, 781),
	(26, 883),
	(26, 982),
	(26, 1002),
	(26, 1462),
	(26, 1494),
	(26, 1495),
	(26, 1499),
	(26, 1513),
	(26, 1515),
	(26, 2641),
	(26, 2643),
	(26, 2974),
	(26, 3043),
	(26, 3045),
	(26, 3127),
	(26, 3661),
	(26, 5116),
	(26, 5118),
	(26, 5149),
	(26, 6197),
	(26, 6991),
	(26, 13163),
	(26, 13551),
	(26, 13809),
	(26, 14262),
	(26, 14274),
	(26, 14283),
	(26, 14302),
	(26, 14319),
	(26, 14323),
	(26, 19415),
	(26, 19420),
	(26, 19431),
	(26, 19490),
	(26, 19880),
	(26, 19883),
	(26, 19884),
	(26, 19885),
	(27, 883),
	(27, 982),
	(27, 1002),
	(27, 1462),
	(27, 1494),
	(27, 1499),
	(27, 1515),
	(27, 1543),
	(27, 2641),
	(27, 3034),
	(27, 3045),
	(27, 3127),
	(27, 3662),
	(27, 5116),
	(27, 5118),
	(27, 5149),
	(27, 5384),
	(27, 6197),
	(27, 6991),
	(27, 13161),
	(27, 13163),
	(27, 13552),
	(27, 13809),
	(27, 13813),
	(27, 14263),
	(27, 14267),
	(27, 14269),
	(27, 14272),
	(27, 14275),
	(27, 14284),
	(27, 14288),
	(27, 14303),
	(27, 14320),
	(27, 14323),
	(27, 14326),
	(27, 15629),
	(27, 19153),
	(27, 19415),
	(27, 19417),
	(27, 19431),
	(27, 19490),
	(27, 19500),
	(27, 19503),
	(27, 19508),
	(27, 19878),
	(27, 19880),
	(27, 19883),
	(27, 19884),
	(27, 19885),
	(27, 20901),
	(27, 24691),
	(28, 883),
	(28, 982),
	(28, 1002),
	(28, 1462),
	(28, 1494),
	(28, 1510),
	(28, 1515),
	(28, 1543),
	(28, 2641),
	(28, 3045),
	(28, 3127),
	(28, 5116),
	(28, 5118),
	(28, 5149),
	(28, 5384),
	(28, 6197),
	(28, 6991),
	(28, 13159),
	(28, 13161),
	(28, 13163),
	(28, 13542),
	(28, 13553),
	(28, 13809),
	(28, 14265),
	(28, 14267),
	(28, 14270),
	(28, 14273),
	(28, 14276),
	(28, 14279),
	(28, 14285),
	(28, 14289),
	(28, 14304),
	(28, 14310),
	(28, 14316),
	(28, 14321),
	(28, 14324),
	(28, 14327),
	(28, 15630),
	(28, 19153),
	(28, 19415),
	(28, 19418),
	(28, 19431),
	(28, 19490),
	(28, 19500),
	(28, 19503),
	(28, 19506),
	(28, 19511),
	(28, 19556),
	(28, 19878),
	(28, 19880),
	(28, 19882),
	(28, 19883),
	(28, 19884),
	(28, 19885),
	(28, 20043),
	(28, 20902),
	(28, 24691),
	(29, 703),
	(29, 921),
	(29, 1758),
	(29, 1766),
	(29, 1777),
	(29, 1784),
	(29, 1804),
	(29, 1966),
	(29, 2589),
	(29, 2983),
	(29, 3127),
	(29, 5171),
	(29, 5277),
	(29, 6761),
	(29, 6770),
	(29, 8647),
	(29, 8676),
	(29, 13792),
	(29, 14075),
	(29, 14148),
	(30, 921),
	(30, 1725),
	(30, 1759),
	(30, 1767),
	(30, 1777),
	(30, 1785),
	(30, 1804),
	(30, 1833),
	(30, 1856),
	(30, 2070),
	(30, 2591),
	(30, 2836),
	(30, 2842),
	(30, 2983),
	(30, 3127),
	(30, 3420),
	(30, 5171),
	(30, 5277),
	(30, 5763),
	(30, 6762),
	(30, 6768),
	(30, 8631),
	(30, 8639),
	(30, 8649),
	(30, 8687),
	(30, 8724),
	(30, 14075),
	(30, 14137),
	(30, 14142),
	(30, 14148),
	(30, 14164),
	(31, 408),
	(31, 921),
	(31, 1725),
	(31, 1767),
	(31, 1785),
	(31, 1804),
	(31, 1833),
	(31, 1842),
	(31, 1856),
	(31, 2070),
	(31, 2094),
	(31, 2836),
	(31, 2837),
	(31, 2842),
	(31, 3127),
	(31, 3420),
	(31, 5171),
	(31, 5277),
	(31, 6510),
	(31, 6768),
	(31, 8621),
	(31, 8623),
	(31, 8629),
	(31, 8633),
	(31, 8640),
	(31, 8650),
	(31, 8691),
	(31, 8694),
	(31, 8696),
	(31, 8721),
	(31, 8725),
	(31, 13220),
	(31, 13741),
	(31, 14075),
	(31, 14117),
	(31, 14137),
	(31, 14142),
	(31, 14148),
	(31, 14164),
	(31, 14176),
	(31, 14177),
	(32, 408),
	(32, 921),
	(32, 1725),
	(32, 1768),
	(32, 1786),
	(32, 1804),
	(32, 1833),
	(32, 1842),
	(32, 1857),
	(32, 1860),
	(32, 2094),
	(32, 2836),
	(32, 2842),
	(32, 3127),
	(32, 3420),
	(32, 5277),
	(32, 6510),
	(32, 6774),
	(32, 8637),
	(32, 8694),
	(32, 8696),
	(32, 11197),
	(32, 11267),
	(32, 11273),
	(32, 11279),
	(32, 11285),
	(32, 11289),
	(32, 11293),
	(32, 11297),
	(32, 11299),
	(32, 11341),
	(32, 11357),
	(32, 13229),
	(32, 13792),
	(32, 14075),
	(32, 14117),
	(32, 14137),
	(32, 14142),
	(32, 14148),
	(32, 14159),
	(32, 14164),
	(32, 14176),
	(32, 14177),
	(32, 14195),
	(32, 14983),
	(33, 527),
	(33, 528),
	(33, 586),
	(33, 588),
	(33, 598),
	(33, 600),
	(33, 970),
	(33, 1244),
	(33, 2006),
	(33, 2053),
	(33, 2054),
	(33, 6074),
	(33, 8102),
	(33, 8122),
	(33, 15012),
	(33, 15326),
	(33, 17191),
	(34, 453),
	(34, 527),
	(34, 528),
	(34, 984),
	(34, 992),
	(34, 1245),
	(34, 2010),
	(34, 2053),
	(34, 2096),
	(34, 3747),
	(34, 6063),
	(34, 6076),
	(34, 7128),
	(34, 8104),
	(34, 8124),
	(34, 8129),
	(34, 9472),
	(34, 9484),
	(34, 9578),
	(34, 15262),
	(34, 15317),
	(34, 15326),
	(34, 15330),
	(34, 15331),
	(34, 15448),
	(34, 17311),
	(34, 17325),
	(35, 528),
	(35, 552),
	(35, 596),
	(35, 602),
	(35, 605),
	(35, 976),
	(35, 988),
	(35, 1706),
	(35, 2053),
	(35, 2096),
	(35, 2767),
	(35, 2791),
	(35, 6060),
	(35, 6064),
	(35, 6066),
	(35, 6078),
	(35, 8105),
	(35, 8124),
	(35, 8131),
	(35, 8192),
	(35, 9474),
	(35, 9484),
	(35, 9579),
	(35, 10880),
	(35, 15264),
	(35, 15286),
	(35, 15310),
	(35, 15317),
	(35, 15326),
	(35, 15327),
	(35, 15334),
	(35, 15336),
	(35, 15448),
	(35, 15487),
	(35, 17312),
	(35, 17325),
	(36, 528),
	(36, 552),
	(36, 988),
	(36, 996),
	(36, 1006),
	(36, 1706),
	(36, 2053),
	(36, 6064),
	(36, 8192),
	(36, 9485),
	(36, 9592),
	(36, 10875),
	(36, 10881),
	(36, 10888),
	(36, 10892),
	(36, 10899),
	(36, 10909),
	(36, 10911),
	(36, 10915),
	(36, 10927),
	(36, 10933),
	(36, 10937),
	(36, 10945),
	(36, 10957),
	(36, 10963),
	(36, 14769),
	(36, 14791),
	(36, 15266),
	(36, 15286),
	(36, 15310),
	(36, 15317),
	(36, 15326),
	(36, 15328),
	(36, 15334),
	(36, 15336),
	(36, 15448),
	(36, 15473),
	(36, 15487),
	(36, 17313),
	(36, 17325),
	(37, 325),
	(37, 370),
	(37, 526),
	(37, 548),
	(37, 913),
	(37, 1535),
	(37, 2008),
	(37, 2484),
	(37, 2870),
	(37, 3599),
	(37, 6390),
	(37, 8019),
	(37, 8027),
	(37, 8045),
	(37, 8052),
	(37, 8075),
	(37, 8143),
	(37, 8154),
	(37, 16108),
	(37, 17489),
	(38, 131),
	(38, 370),
	(38, 526),
	(38, 546),
	(38, 905),
	(38, 939),
	(38, 943),
	(38, 2484),
	(38, 2645),
	(38, 2870),
	(38, 5394),
	(38, 5675),
	(38, 6196),
	(38, 6363),
	(38, 6391),
	(38, 8008),
	(38, 8030),
	(38, 8038),
	(38, 8046),
	(38, 8053),
	(38, 8056),
	(38, 8143),
	(38, 8155),
	(38, 8160),
	(38, 8166),
	(38, 8181),
	(38, 8184),
	(38, 8190),
	(38, 8227),
	(38, 8498),
	(38, 10399),
	(38, 16269),
	(38, 16273),
	(38, 16284),
	(38, 16305),
	(38, 17489),
	(38, 20609),
	(39, 131),
	(39, 421),
	(39, 526),
	(39, 546),
	(39, 556),
	(39, 945),
	(39, 959),
	(39, 2484),
	(39, 2645),
	(39, 2870),
	(39, 6196),
	(39, 6364),
	(39, 6375),
	(39, 6392),
	(39, 6495),
	(39, 8010),
	(39, 8012),
	(39, 8053),
	(39, 8058),
	(39, 8143),
	(39, 8161),
	(39, 8166),
	(39, 8170),
	(39, 8177),
	(39, 8184),
	(39, 8232),
	(39, 8249),
	(39, 8499),
	(39, 8512),
	(39, 10391),
	(39, 10406),
	(39, 10412),
	(39, 10456),
	(39, 10478),
	(39, 10495),
	(39, 10585),
	(39, 10595),
	(39, 15107),
	(39, 16262),
	(39, 16269),
	(39, 16284),
	(39, 16291),
	(39, 16305),
	(39, 16314),
	(39, 16339),
	(39, 17489),
	(39, 20608),
	(39, 20610),
	(39, 29080),
	(39, 29088),
	(39, 29193),
	(40, 131),
	(40, 526),
	(40, 546),
	(40, 556),
	(40, 2484),
	(40, 2645),
	(40, 2860),
	(40, 2870),
	(40, 6196),
	(40, 6365),
	(40, 6377),
	(40, 6495),
	(40, 8012),
	(40, 8143),
	(40, 8161),
	(40, 8166),
	(40, 8170),
	(40, 8177),
	(40, 8235),
	(40, 8835),
	(40, 10392),
	(40, 10395),
	(40, 10407),
	(40, 10413),
	(40, 10427),
	(40, 10431),
	(40, 10447),
	(40, 10466),
	(40, 10472),
	(40, 10478),
	(40, 10496),
	(40, 10526),
	(40, 10537),
	(40, 10586),
	(40, 10600),
	(40, 10613),
	(40, 10622),
	(40, 11314),
	(40, 15111),
	(40, 16108),
	(40, 16268),
	(40, 16269),
	(40, 16284),
	(40, 16287),
	(40, 16291),
	(40, 16295),
	(40, 16305),
	(40, 16315),
	(40, 16341),
	(40, 16355),
	(40, 17364),
	(40, 17489),
	(40, 18848),
	(40, 20608),
	(40, 20776),
	(40, 29080),
	(40, 29088),
	(40, 29193),
	(41, 131),
	(41, 526),
	(41, 546),
	(41, 556),
	(41, 2484),
	(41, 2645),
	(41, 2870),
	(41, 6196),
	(41, 6495),
	(41, 8012),
	(41, 8143),
	(41, 8166),
	(41, 8170),
	(41, 8177),
	(41, 10408),
	(41, 10414),
	(41, 10428),
	(41, 10432),
	(41, 10438),
	(41, 10463),
	(41, 10468),
	(41, 10473),
	(41, 10479),
	(41, 10497),
	(41, 10538),
	(41, 10587),
	(41, 10601),
	(41, 10605),
	(41, 10614),
	(41, 10623),
	(41, 11315),
	(41, 15112),
	(41, 15208),
	(41, 16184),
	(41, 16189),
	(41, 16198),
	(41, 16208),
	(41, 16217),
	(41, 16225),
	(41, 16269),
	(41, 16284),
	(41, 16293),
	(41, 16295),
	(41, 16305),
	(41, 16316),
	(41, 16342),
	(41, 16356),
	(41, 16362),
	(41, 16387),
	(41, 17364),
	(41, 17489),
	(41, 20608),
	(41, 20777),
	(41, 25357),
	(41, 25359),
	(41, 25361),
	(41, 25908),
	(41, 29080),
	(41, 29088),
	(41, 29193),
	(41, 29228),
	(42, 118),
	(42, 122),
	(42, 130),
	(42, 475),
	(42, 597),
	(42, 604),
	(42, 837),
	(42, 1008),
	(42, 1449),
	(42, 1460),
	(42, 2120),
	(42, 2137),
	(42, 2855),
	(42, 3140),
	(42, 5144),
	(42, 5505),
	(42, 7300),
	(42, 12473),
	(42, 12496),
	(42, 12571),
	(42, 29440),
	(43, 120),
	(43, 130),
	(43, 475),
	(43, 543),
	(43, 759),
	(43, 865),
	(43, 990),
	(43, 1008),
	(43, 1461),
	(43, 1953),
	(43, 2121),
	(43, 2138),
	(43, 2139),
	(43, 2855),
	(43, 3561),
	(43, 3562),
	(43, 5145),
	(43, 5506),
	(43, 6141),
	(43, 6143),
	(43, 7301),
	(43, 8400),
	(43, 8406),
	(43, 8437),
	(43, 8444),
	(43, 8450),
	(43, 8494),
	(43, 12051),
	(43, 12472),
	(43, 12475),
	(43, 12488),
	(43, 12497),
	(43, 12571),
	(43, 12824),
	(43, 16766),
	(43, 29440),
	(44, 130),
	(44, 475),
	(44, 759),
	(44, 865),
	(44, 1461),
	(44, 1953),
	(44, 2139),
	(44, 2855),
	(44, 3552),
	(44, 3561),
	(44, 3562),
	(44, 3565),
	(44, 6117),
	(44, 6127),
	(44, 6129),
	(44, 7301),
	(44, 7302),
	(44, 8402),
	(44, 8408),
	(44, 8413),
	(44, 8416),
	(44, 8422),
	(44, 8427),
	(44, 8439),
	(44, 8445),
	(44, 8451),
	(44, 8455),
	(44, 8457),
	(44, 8461),
	(44, 8492),
	(44, 8495),
	(44, 11180),
	(44, 11958),
	(44, 12051),
	(44, 12472),
	(44, 12475),
	(44, 12497),
	(44, 12571),
	(44, 12824),
	(44, 12985),
	(44, 15053),
	(44, 16758),
	(44, 16766),
	(44, 29439),
	(45, 130),
	(45, 475),
	(45, 759),
	(45, 1953),
	(45, 2139),
	(45, 2855),
	(45, 3552),
	(45, 3561),
	(45, 3562),
	(45, 3565),
	(45, 6131),
	(45, 7301),
	(45, 7320),
	(45, 8458),
	(45, 8462),
	(45, 10053),
	(45, 10059),
	(45, 10138),
	(45, 10144),
	(45, 10149),
	(45, 10156),
	(45, 10159),
	(45, 10169),
	(45, 10173),
	(45, 10179),
	(45, 10185),
	(45, 10191),
	(45, 10197),
	(45, 10201),
	(45, 10205),
	(45, 10211),
	(45, 10215),
	(45, 11416),
	(45, 11958),
	(45, 12051),
	(45, 12472),
	(45, 12475),
	(45, 12497),
	(45, 12571),
	(45, 12825),
	(45, 12953),
	(45, 12985),
	(45, 13031),
	(45, 15053),
	(45, 16758),
	(45, 16766),
	(45, 22782),
	(45, 28332),
	(45, 28595),
	(45, 29439),
	(46, 688),
	(46, 689),
	(46, 693),
	(46, 696),
	(46, 697),
	(46, 704),
	(46, 705),
	(46, 707),
	(46, 755),
	(46, 1014),
	(46, 1108),
	(46, 1120),
	(46, 1455),
	(46, 5676),
	(46, 5697),
	(46, 5782),
	(46, 6201),
	(46, 6222),
	(46, 17814),
	(46, 18701),
	(47, 126),
	(47, 132),
	(47, 688),
	(47, 693),
	(47, 696),
	(47, 697),
	(47, 698),
	(47, 699),
	(47, 706),
	(47, 710),
	(47, 712),
	(47, 1094),
	(47, 1106),
	(47, 1456),
	(47, 1714),
	(47, 3699),
	(47, 5138),
	(47, 5500),
	(47, 5697),
	(47, 5740),
	(47, 5782),
	(47, 6202),
	(47, 6205),
	(47, 6217),
	(47, 6223),
	(47, 6366),
	(47, 7658),
	(47, 8288),
	(47, 17814),
	(47, 17919),
	(47, 18178),
	(47, 18219),
	(47, 18288),
	(47, 18372),
	(47, 18393),
	(47, 18830),
	(48, 126),
	(48, 132),
	(48, 688),
	(48, 691),
	(48, 696),
	(48, 697),
	(48, 698),
	(48, 710),
	(48, 712),
	(48, 1086),
	(48, 1098),
	(48, 1490),
	(48, 1714),
	(48, 1949),
	(48, 2362),
	(48, 2941),
	(48, 2970),
	(48, 3700),
	(48, 5500),
	(48, 5697),
	(48, 5699),
	(48, 6213),
	(48, 6219),
	(48, 6226),
	(48, 6229),
	(48, 7641),
	(48, 7646),
	(48, 7648),
	(48, 7651),
	(48, 7658),
	(48, 8289),
	(48, 11687),
	(48, 11711),
	(48, 17787),
	(48, 17814),
	(48, 17920),
	(48, 17951),
	(48, 18095),
	(48, 18176),
	(48, 18183),
	(48, 18219),
	(48, 18223),
	(48, 18275),
	(48, 18288),
	(48, 18312),
	(48, 18879),
	(48, 20752),
	(49, 126),
	(49, 132),
	(49, 688),
	(49, 691),
	(49, 696),
	(49, 697),
	(49, 698),
	(49, 712),
	(49, 1714),
	(49, 2970),
	(49, 5484),
	(49, 5500),
	(49, 5697),
	(49, 5784),
	(49, 6213),
	(49, 6353),
	(49, 6789),
	(49, 7659),
	(49, 8289),
	(49, 11659),
	(49, 11665),
	(49, 11671),
	(49, 11677),
	(49, 11683),
	(49, 11688),
	(49, 11693),
	(49, 11699),
	(49, 11703),
	(49, 11707),
	(49, 11712),
	(49, 11721),
	(49, 11725),
	(49, 11729),
	(49, 11733),
	(49, 11739),
	(49, 17727),
	(49, 17787),
	(49, 17792),
	(49, 17803),
	(49, 17814),
	(49, 17862),
	(49, 17921),
	(49, 17952),
	(49, 18095),
	(49, 18176),
	(49, 18183),
	(49, 18219),
	(49, 18223),
	(49, 18274),
	(49, 18288),
	(49, 18312),
	(49, 18647),
	(49, 18870),
	(49, 18880),
	(49, 20755),
	(50, 99),
	(50, 770),
	(50, 779),
	(50, 782),
	(50, 1062),
	(50, 1066),
	(50, 1430),
	(50, 2637),
	(50, 5178),
	(50, 5187),
	(50, 5211),
	(50, 5229),
	(50, 5232),
	(50, 5487),
	(50, 6795),
	(50, 6808),
	(50, 8925),
	(50, 8938),
	(50, 16810),
	(50, 16834),
	(50, 16920),
	(50, 17249),
	(51, 768),
	(51, 770),
	(51, 780),
	(51, 1066),
	(51, 1075),
	(51, 1735),
	(51, 1822),
	(51, 1850),
	(51, 2091),
	(51, 2637),
	(51, 2782),
	(51, 2893),
	(51, 2908),
	(51, 3029),
	(51, 5179),
	(51, 5189),
	(51, 5195),
	(51, 5209),
	(51, 5211),
	(51, 5215),
	(51, 5217),
	(51, 5221),
	(51, 5229),
	(51, 5487),
	(51, 6756),
	(51, 6795),
	(51, 6809),
	(51, 8927),
	(51, 8939),
	(51, 8949),
	(51, 8998),
	(51, 9492),
	(51, 16811),
	(51, 16834),
	(51, 16933),
	(51, 16938),
	(51, 16979),
	(51, 17249),
	(51, 20484),
	(51, 24866),
	(52, 740),
	(52, 768),
	(52, 769),
	(52, 778),
	(52, 783),
	(52, 1066),
	(52, 1823),
	(52, 1850),
	(52, 2782),
	(52, 2893),
	(52, 3627),
	(52, 5196),
	(52, 5201),
	(52, 5209),
	(52, 5215),
	(52, 5225),
	(52, 5229),
	(52, 5234),
	(52, 5487),
	(52, 6780),
	(52, 6785),
	(52, 6793),
	(52, 6795),
	(52, 6798),
	(52, 8903),
	(52, 8914),
	(52, 8928),
	(52, 8941),
	(52, 8950),
	(52, 8955),
	(52, 8972),
	(52, 8992),
	(52, 8998),
	(52, 9005),
	(52, 9490),
	(52, 9493),
	(52, 16812),
	(52, 16835),
	(52, 16862),
	(52, 16933),
	(52, 16941),
	(52, 16979),
	(52, 17061),
	(52, 17082),
	(52, 17249),
	(52, 18657),
	(52, 20739),
	(52, 22568),
	(52, 22842),
	(52, 24866),
	(53, 768),
	(53, 783),
	(53, 1066),
	(53, 1824),
	(53, 2782),
	(53, 2893),
	(53, 5209),
	(53, 5225),
	(53, 5229),
	(53, 6783),
	(53, 6787),
	(53, 6795),
	(53, 8905),
	(53, 8907),
	(53, 8918),
	(53, 8951),
	(53, 8955),
	(53, 8983),
	(53, 9000),
	(53, 9634),
	(53, 9745),
	(53, 9747),
	(53, 9749),
	(53, 9752),
	(53, 9754),
	(53, 9756),
	(53, 9758),
	(53, 9821),
	(53, 9823),
	(53, 9829),
	(53, 9833),
	(53, 9839),
	(53, 9845),
	(53, 9849),
	(53, 9852),
	(53, 9856),
	(53, 16813),
	(53, 16835),
	(53, 16862),
	(53, 16914),
	(53, 16933),
	(53, 16941),
	(53, 16944),
	(53, 16961),
	(53, 16975),
	(53, 16979),
	(53, 16999),
	(53, 17007),
	(53, 17249),
	(53, 17391),
	(53, 18657),
	(53, 20719),
	(53, 20742),
	(53, 22812),
	(53, 22828),
	(53, 22895),
	(53, 24866),
	(53, 24894),
	(53, 29166),
	(54, 122),
	(54, 130),
	(54, 145),
	(54, 475),
	(54, 759),
	(54, 1953),
	(54, 2139),
	(54, 2389),
	(54, 2397),
	(54, 2539),
	(54, 2541),
	(54, 2542),
	(54, 2543),
	(54, 2544),
	(54, 2546),
	(54, 2547),
	(54, 2795),
	(54, 2855),
	(54, 2964),
	(54, 3276),
	(54, 3277),
	(54, 3278),
	(54, 3370),
	(54, 3371),
	(54, 3372),
	(54, 3373),
	(54, 3376),
	(54, 3399),
	(54, 3400),
	(54, 3552),
	(54, 3561),
	(54, 3562),
	(54, 3565),
	(54, 3755),
	(54, 3757),
	(54, 3758),
	(54, 3813),
	(54, 3839),
	(54, 3844),
	(54, 3848),
	(54, 3851),
	(54, 3854),
	(54, 3855),
	(54, 3858),
	(54, 3859),
	(54, 3860),
	(54, 3863),
	(54, 3864),
	(54, 3865),
	(54, 3872),
	(54, 4094),
	(54, 6499),
	(54, 6500),
	(54, 6693),
	(54, 7301),
	(54, 7411),
	(54, 7443),
	(54, 7620),
	(54, 7630),
	(54, 7639),
	(54, 7643),
	(54, 7751),
	(54, 7893),
	(54, 7928),
	(54, 7929),
	(54, 7934),
	(54, 8758),
	(54, 8760),
	(54, 8762),
	(54, 8766),
	(54, 8776),
	(54, 8780),
	(54, 8782),
	(54, 8784),
	(54, 8786),
	(54, 8791),
	(54, 8795),
	(54, 8797),
	(54, 8799),
	(54, 10053),
	(54, 10054),
	(54, 10059),
	(54, 10140),
	(54, 10157),
	(54, 10161),
	(54, 10174),
	(54, 10181),
	(54, 10187),
	(54, 10193),
	(54, 10199),
	(54, 10202),
	(54, 10207),
	(54, 10212),
	(54, 10220),
	(54, 10225),
	(54, 10840),
	(54, 10841),
	(54, 10846),
	(54, 11416),
	(54, 11419),
	(54, 11958),
	(54, 12043),
	(54, 12046),
	(54, 12051),
	(54, 12053),
	(54, 12056),
	(54, 12059),
	(54, 12060),
	(54, 12061),
	(54, 12065),
	(54, 12066),
	(54, 12067),
	(54, 12069),
	(54, 12070),
	(54, 12072),
	(54, 12078),
	(54, 12081),
	(54, 12084),
	(54, 12088),
	(54, 12092),
	(54, 12180),
	(54, 12472),
	(54, 12475),
	(54, 12519),
	(54, 12577),
	(54, 12592),
	(54, 12598),
	(54, 12606),
	(54, 12826),
	(54, 12953),
	(54, 12985),
	(54, 13028),
	(54, 15053),
	(54, 15855),
	(54, 15856),
	(54, 15861),
	(54, 15933),
	(54, 16758),
	(54, 16766),
	(54, 16770),
	(54, 18260),
	(54, 18401),
	(54, 18402),
	(54, 18403),
	(54, 18404),
	(54, 18405),
	(54, 18406),
	(54, 18407),
	(54, 18409),
	(54, 18411),
	(54, 18412),
	(54, 18415),
	(54, 18417),
	(54, 18419),
	(54, 18420),
	(54, 18422),
	(54, 18423),
	(54, 18424),
	(54, 18437),
	(54, 18438),
	(54, 18439),
	(54, 18440),
	(54, 18441),
	(54, 18442),
	(54, 18444),
	(54, 18445),
	(54, 18448),
	(54, 18449),
	(54, 18451),
	(54, 18453),
	(54, 18464),
	(54, 18560),
	(54, 18629),
	(54, 18630),
	(54, 21143),
	(54, 21144),
	(54, 21175),
	(54, 22480),
	(54, 22761),
	(54, 22783),
	(54, 23028),
	(54, 23664),
	(54, 23787),
	(54, 26086),
	(54, 28574),
	(54, 28609),
	(54, 28612),
	(54, 29440),
	(54, 33391),
	(55, 603),
	(55, 691),
	(55, 712),
	(55, 1010),
	(55, 1122),
	(55, 5857),
	(55, 6215),
	(55, 6358),
	(55, 7870),
	(55, 11675),
	(55, 11678),
	(55, 11681),
	(55, 11682),
	(55, 11684),
	(55, 11689),
	(55, 11695),
	(55, 11700),
	(55, 11704),
	(55, 11708),
	(55, 11713),
	(55, 11717),
	(55, 11719),
	(55, 11722),
	(55, 11726),
	(55, 11730),
	(55, 11763),
	(55, 11767),
	(55, 11771),
	(55, 11775),
	(55, 11780),
	(55, 11785),
	(55, 17728),
	(55, 17752),
	(55, 17854),
	(55, 17923),
	(55, 17924),
	(55, 17926),
	(55, 17928),
	(55, 17937),
	(55, 17953),
	(55, 18540),
	(55, 18647),
	(55, 18932),
	(55, 19007),
	(55, 19443),
	(55, 19647),
	(55, 19736),
	(55, 20757),
	(55, 25307),
	(55, 25309),
	(55, 25311),
	(56, 122),
	(56, 130),
	(56, 145),
	(56, 475),
	(56, 759),
	(56, 1953),
	(56, 2139),
	(56, 2389),
	(56, 2397),
	(56, 2539),
	(56, 2541),
	(56, 2542),
	(56, 2543),
	(56, 2544),
	(56, 2546),
	(56, 2547),
	(56, 2795),
	(56, 2855),
	(56, 2964),
	(56, 3276),
	(56, 3277),
	(56, 3278),
	(56, 3370),
	(56, 3371),
	(56, 3372),
	(56, 3373),
	(56, 3376),
	(56, 3399),
	(56, 3400),
	(56, 3552),
	(56, 3561),
	(56, 3562),
	(56, 3565),
	(56, 3755),
	(56, 3757),
	(56, 3758),
	(56, 3813),
	(56, 3839),
	(56, 3844),
	(56, 3848),
	(56, 3851),
	(56, 3854),
	(56, 3855),
	(56, 3858),
	(56, 3859),
	(56, 3860),
	(56, 3863),
	(56, 3864),
	(56, 3865),
	(56, 3872),
	(56, 4094),
	(56, 6499),
	(56, 6500),
	(56, 6693),
	(56, 7301),
	(56, 7411),
	(56, 7443),
	(56, 7620),
	(56, 7630),
	(56, 7639),
	(56, 7643),
	(56, 7751),
	(56, 7893),
	(56, 7928),
	(56, 7929),
	(56, 7934),
	(56, 8758),
	(56, 8760),
	(56, 8762),
	(56, 8766),
	(56, 8776),
	(56, 8780),
	(56, 8782),
	(56, 8784),
	(56, 8786),
	(56, 8791),
	(56, 8795),
	(56, 8797),
	(56, 8799),
	(56, 10053),
	(56, 10054),
	(56, 10059),
	(56, 10140),
	(56, 10157),
	(56, 10161),
	(56, 10174),
	(56, 10181),
	(56, 10187),
	(56, 10193),
	(56, 10199),
	(56, 10202),
	(56, 10207),
	(56, 10212),
	(56, 10220),
	(56, 10225),
	(56, 10840),
	(56, 10841),
	(56, 10846),
	(56, 11416),
	(56, 11419),
	(56, 11958),
	(56, 12043),
	(56, 12046),
	(56, 12051),
	(56, 12053),
	(56, 12056),
	(56, 12059),
	(56, 12060),
	(56, 12061),
	(56, 12065),
	(56, 12066),
	(56, 12067),
	(56, 12069),
	(56, 12070),
	(56, 12072),
	(56, 12078),
	(56, 12081),
	(56, 12084),
	(56, 12088),
	(56, 12092),
	(56, 12180),
	(56, 12472),
	(56, 12475),
	(56, 12519),
	(56, 12577),
	(56, 12592),
	(56, 12598),
	(56, 12606),
	(56, 12826),
	(56, 12953),
	(56, 12985),
	(56, 13028),
	(56, 15053),
	(56, 15855),
	(56, 15856),
	(56, 15861),
	(56, 15933),
	(56, 16758),
	(56, 16766),
	(56, 16770),
	(56, 18260),
	(56, 18401),
	(56, 18402),
	(56, 18403),
	(56, 18404),
	(56, 18405),
	(56, 18406),
	(56, 18407),
	(56, 18409),
	(56, 18411),
	(56, 18412),
	(56, 18415),
	(56, 18417),
	(56, 18419),
	(56, 18420),
	(56, 18422),
	(56, 18423),
	(56, 18424),
	(56, 18437),
	(56, 18438),
	(56, 18439),
	(56, 18440),
	(56, 18441),
	(56, 18442),
	(56, 18444),
	(56, 18445),
	(56, 18448),
	(56, 18449),
	(56, 18451),
	(56, 18453),
	(56, 18464),
	(56, 18560),
	(56, 18629),
	(56, 18630),
	(56, 21143),
	(56, 21144),
	(56, 21175),
	(56, 22480),
	(56, 22761),
	(56, 22783),
	(56, 23028),
	(56, 23664),
	(56, 23787),
	(56, 26086),
	(56, 28574),
	(56, 28609),
	(56, 28612),
	(56, 29440),
	(56, 33391),
	(57, 528),
	(57, 552),
	(57, 988),
	(57, 1706),
	(57, 10060),
	(57, 10876),
	(57, 10890),
	(57, 10894),
	(57, 10901),
	(57, 10909),
	(57, 10912),
	(57, 10917),
	(57, 10934),
	(57, 10938),
	(57, 10942),
	(57, 10947),
	(57, 10952),
	(57, 10953),
	(57, 10955),
	(57, 10958),
	(57, 14751),
	(57, 14767),
	(57, 14769),
	(57, 14771),
	(57, 14772),
	(57, 14774),
	(57, 14776),
	(57, 14783),
	(57, 14791),
	(57, 15012),
	(57, 15014),
	(57, 15261),
	(57, 15362),
	(57, 17191),
	(57, 18535),
	(57, 18555),
	(57, 19243),
	(57, 19266),
	(57, 19275),
	(57, 20770),
	(57, 21564),
	(57, 23455),
	(57, 23458),
	(57, 23459),
	(57, 25315),
	(57, 27683),
	(57, 27803),
	(57, 27804),
	(57, 27805),
	(57, 27904),
	(58, 528),
	(58, 552),
	(58, 988),
	(58, 1706),
	(58, 10060),
	(58, 10876),
	(58, 10890),
	(58, 10894),
	(58, 10901),
	(58, 10909),
	(58, 10912),
	(58, 10917),
	(58, 10934),
	(58, 10938),
	(58, 10942),
	(58, 10947),
	(58, 10952),
	(58, 10953),
	(58, 10955),
	(58, 10958),
	(58, 14751),
	(58, 14767),
	(58, 14769),
	(58, 14771),
	(58, 14772),
	(58, 14774),
	(58, 14776),
	(58, 14783),
	(58, 14791),
	(58, 15012),
	(58, 15014),
	(58, 15261),
	(58, 15362),
	(58, 17191),
	(58, 18535),
	(58, 18555),
	(58, 19243),
	(58, 19275),
	(58, 20770),
	(58, 21564),
	(58, 23455),
	(58, 23458),
	(58, 23459),
	(58, 25315),
	(58, 27683),
	(58, 27803),
	(58, 27804),
	(58, 27805),
	(58, 27904),
	(59, 768),
	(59, 783),
	(59, 1066),
	(59, 2782),
	(59, 2893),
	(59, 3025),
	(59, 5209),
	(59, 5225),
	(59, 5229),
	(59, 5421),
	(59, 6795),
	(59, 8946),
	(59, 8983),
	(59, 9634),
	(59, 9821),
	(59, 9827),
	(59, 9830),
	(59, 9835),
	(59, 9846),
	(59, 9850),
	(59, 9853),
	(59, 9858),
	(59, 9863),
	(59, 9867),
	(59, 9881),
	(59, 9885),
	(59, 9892),
	(59, 9896),
	(59, 9898),
	(59, 9901),
	(59, 9904),
	(59, 9907),
	(59, 9908),
	(59, 9910),
	(59, 9912),
	(59, 9913),
	(59, 16931),
	(59, 16938),
	(59, 16941),
	(59, 16944),
	(59, 16954),
	(59, 16966),
	(59, 16975),
	(59, 16979),
	(59, 16999),
	(59, 17006),
	(59, 17061),
	(59, 17068),
	(59, 17073),
	(59, 17079),
	(59, 17113),
	(59, 17116),
	(59, 17329),
	(59, 17392),
	(59, 17402),
	(59, 18658),
	(59, 18960),
	(59, 19266),
	(59, 20719),
	(59, 20748),
	(59, 21178),
	(59, 21850),
	(59, 22570),
	(59, 22812),
	(59, 22839),
	(59, 22896),
	(59, 24866),
	(59, 24977),
	(59, 25298),
	(59, 25299),
	(59, 29166),
	(59, 31018),
	(60, 126),
	(60, 132),
	(60, 603),
	(60, 691),
	(60, 696),
	(60, 698),
	(60, 1010),
	(60, 2970),
	(60, 5500),
	(60, 5697),
	(60, 5784),
	(60, 5857),
	(60, 6215),
	(60, 6358),
	(60, 7870),
	(60, 11675),
	(60, 11678),
	(60, 11681),
	(60, 11682),
	(60, 11684),
	(60, 11689),
	(60, 11695),
	(60, 11700),
	(60, 11704),
	(60, 11708),
	(60, 11713),
	(60, 11717),
	(60, 11719),
	(60, 11722),
	(60, 11726),
	(60, 11730),
	(60, 11735),
	(60, 11743),
	(60, 11763),
	(60, 11767),
	(60, 11771),
	(60, 11775),
	(60, 11780),
	(60, 11785),
	(60, 17728),
	(60, 17752),
	(60, 17787),
	(60, 17805),
	(60, 17814),
	(60, 17854),
	(60, 17923),
	(60, 17924),
	(60, 17926),
	(60, 17928),
	(60, 17937),
	(60, 17953),
	(60, 18095),
	(60, 18175),
	(60, 18183),
	(60, 18219),
	(60, 18275),
	(60, 18288),
	(60, 18540),
	(60, 18647),
	(60, 18701),
	(60, 18710),
	(60, 18746),
	(60, 18752),
	(60, 18771),
	(60, 18830),
	(60, 18881),
	(60, 19007),
	(60, 19028),
	(60, 19443),
	(60, 19480),
	(60, 19647),
	(60, 19736),
	(60, 20757),
	(60, 23161),
	(60, 25307),
	(60, 25309),
	(60, 25311),
	(60, 28610),
	(60, 33391),
	(61, 921),
	(61, 1725),
	(61, 1769),
	(61, 1787),
	(61, 1804),
	(61, 1833),
	(61, 1842),
	(61, 1857),
	(61, 1860),
	(61, 2094),
	(61, 2836),
	(61, 2842),
	(61, 3127),
	(61, 3421),
	(61, 5277),
	(61, 6510),
	(61, 6774),
	(61, 8643),
	(61, 11198),
	(61, 11269),
	(61, 11275),
	(61, 11286),
	(61, 11290),
	(61, 11294),
	(61, 11297),
	(61, 11305),
	(61, 11343),
	(61, 11400),
	(61, 13230),
	(61, 13845),
	(61, 13866),
	(61, 13980),
	(61, 14065),
	(61, 14075),
	(61, 14081),
	(61, 14083),
	(61, 14095),
	(61, 14137),
	(61, 14142),
	(61, 14161),
	(61, 14164),
	(61, 14173),
	(61, 14177),
	(61, 14179),
	(61, 14185),
	(61, 25300),
	(61, 25302),
	(61, 25347),
	(61, 31016),
	(62, 921),
	(62, 1725),
	(62, 1769),
	(62, 1787),
	(62, 1804),
	(62, 1833),
	(62, 1842),
	(62, 1857),
	(62, 1860),
	(62, 2094),
	(62, 2836),
	(62, 2842),
	(62, 3127),
	(62, 3421),
	(62, 5277),
	(62, 6510),
	(62, 6774),
	(62, 8643),
	(62, 11198),
	(62, 11269),
	(62, 11275),
	(62, 11286),
	(62, 11290),
	(62, 11294),
	(62, 11297),
	(62, 11305),
	(62, 11343),
	(62, 11400),
	(62, 13230),
	(62, 13845),
	(62, 13866),
	(62, 13980),
	(62, 14065),
	(62, 14075),
	(62, 14081),
	(62, 14083),
	(62, 14095),
	(62, 14137),
	(62, 14142),
	(62, 14161),
	(62, 14164),
	(62, 14173),
	(62, 14177),
	(62, 14179),
	(62, 14185),
	(62, 25300),
	(62, 25302),
	(62, 25347),
	(62, 31016),
	(63, 921),
	(63, 1725),
	(63, 1769),
	(63, 1787),
	(63, 1804),
	(63, 1833),
	(63, 1842),
	(63, 1857),
	(63, 1860),
	(63, 2094),
	(63, 2836),
	(63, 2842),
	(63, 3127),
	(63, 3421),
	(63, 5277),
	(63, 6510),
	(63, 6774),
	(63, 8643),
	(63, 11198),
	(63, 11269),
	(63, 11275),
	(63, 11286),
	(63, 11290),
	(63, 11294),
	(63, 11297),
	(63, 11305),
	(63, 11343),
	(63, 11400),
	(63, 13230),
	(63, 13845),
	(63, 13866),
	(63, 13980),
	(63, 14065),
	(63, 14075),
	(63, 14081),
	(63, 14083),
	(63, 14095),
	(63, 14137),
	(63, 14142),
	(63, 14161),
	(63, 14164),
	(63, 14173),
	(63, 14177),
	(63, 14179),
	(63, 14185),
	(63, 25300),
	(63, 25302),
	(63, 25347),
	(63, 31016),
	(64, 126),
	(64, 132),
	(64, 603),
	(64, 688),
	(64, 691),
	(64, 696),
	(64, 697),
	(64, 698),
	(64, 712),
	(64, 1010),
	(64, 2970),
	(64, 5500),
	(64, 5697),
	(64, 5784),
	(64, 5857),
	(64, 6215),
	(64, 6358),
	(64, 7870),
	(64, 11675),
	(64, 11678),
	(64, 11681),
	(64, 11682),
	(64, 11684),
	(64, 11689),
	(64, 11695),
	(64, 11700),
	(64, 11704),
	(64, 11708),
	(64, 11713),
	(64, 11717),
	(64, 11719),
	(64, 11722),
	(64, 11726),
	(64, 11730),
	(64, 11735),
	(64, 11743),
	(64, 11763),
	(64, 11767),
	(64, 11771),
	(64, 11775),
	(64, 11780),
	(64, 11785),
	(64, 17728),
	(64, 17752),
	(64, 17787),
	(64, 17805),
	(64, 17814),
	(64, 17854),
	(64, 17923),
	(64, 17924),
	(64, 17926),
	(64, 17928),
	(64, 17937),
	(64, 17953),
	(64, 18095),
	(64, 18175),
	(64, 18183),
	(64, 18219),
	(64, 18275),
	(64, 18288),
	(64, 18540),
	(64, 18647),
	(64, 18701),
	(64, 18710),
	(64, 18746),
	(64, 18752),
	(64, 18771),
	(64, 18830),
	(64, 18881),
	(64, 19028),
	(64, 19443),
	(64, 19480),
	(64, 19647),
	(64, 19736),
	(64, 20757),
	(64, 23161),
	(64, 25307),
	(64, 25309),
	(64, 25311),
	(64, 28610),
	(64, 33391),
	(65, 71),
	(65, 355),
	(65, 676),
	(65, 871),
	(65, 1161),
	(65, 1672),
	(65, 1680),
	(65, 1719),
	(65, 2458),
	(65, 2565),
	(65, 2687),
	(65, 3127),
	(65, 5246),
	(65, 6554),
	(65, 7373),
	(65, 11556),
	(65, 11574),
	(65, 11578),
	(65, 11581),
	(65, 11585),
	(65, 11597),
	(65, 11605),
	(65, 12288),
	(65, 12289),
	(65, 12292),
	(65, 12296),
	(65, 12318),
	(65, 12323),
	(65, 12327),
	(65, 12659),
	(65, 12679),
	(65, 12704),
	(65, 12707),
	(65, 12708),
	(65, 12714),
	(65, 12785),
	(65, 12815),
	(65, 12856),
	(65, 12867),
	(65, 12886),
	(65, 12963),
	(65, 13002),
	(65, 13048),
	(65, 16463),
	(65, 16492),
	(65, 16494),
	(65, 18499),
	(65, 20230),
	(65, 20560),
	(65, 20569),
	(65, 20617),
	(65, 20647),
	(65, 20662),
	(65, 21553),
	(65, 23880),
	(65, 23885),
	(65, 23886),
	(65, 23887),
	(65, 23888),
	(65, 23889),
	(65, 23890),
	(65, 23891),
	(65, 25286),
	(65, 25288),
	(65, 25289),
	(65, 26188),
	(67, 883),
	(67, 982),
	(67, 1002),
	(67, 1462),
	(67, 1494),
	(67, 1515),
	(67, 1543),
	(67, 2641),
	(67, 3045),
	(67, 3127),
	(67, 5116),
	(67, 5118),
	(67, 5149),
	(67, 5384),
	(67, 6197),
	(67, 6991),
	(67, 13159),
	(67, 13161),
	(67, 13163),
	(67, 13544),
	(67, 13809),
	(67, 14266),
	(67, 14268),
	(67, 14271),
	(67, 14273),
	(67, 14277),
	(67, 14280),
	(67, 14287),
	(67, 14295),
	(67, 14301),
	(67, 14305),
	(67, 14311),
	(67, 14315),
	(67, 14317),
	(67, 14325),
	(67, 14327),
	(67, 15632),
	(67, 19235),
	(67, 19239),
	(67, 19259),
	(67, 19263),
	(67, 19300),
	(67, 19373),
	(67, 19376),
	(67, 19415),
	(67, 19431),
	(67, 19454),
	(67, 19490),
	(67, 19500),
	(67, 19503),
	(67, 19801),
	(67, 19878),
	(67, 19879),
	(67, 19880),
	(67, 19882),
	(67, 19883),
	(67, 19884),
	(67, 19885),
	(67, 20190),
	(67, 20904),
	(67, 20910),
	(67, 24131),
	(67, 24134),
	(67, 24135),
	(67, 24283),
	(67, 24297),
	(67, 24395),
	(67, 24396),
	(67, 24397),
	(67, 24406),
	(67, 25294),
	(67, 25295),
	(67, 25296),
	(69, 1020),
	(69, 1038),
	(69, 1044),
	(69, 1152),
	(69, 3127),
	(69, 4987),
	(69, 5573),
	(69, 10278),
	(69, 10308),
	(69, 10310),
	(69, 10314),
	(69, 10318),
	(69, 10326),
	(69, 13819),
	(69, 19746),
	(69, 19752),
	(69, 19943),
	(69, 19968),
	(69, 19979),
	(69, 19980),
	(69, 19981),
	(69, 19982),
	(69, 19993),
	(69, 20137),
	(69, 20143),
	(69, 20150),
	(69, 20164),
	(69, 20175),
	(69, 20184),
	(69, 20185),
	(69, 20186),
	(69, 20188),
	(69, 20193),
	(69, 20208),
	(69, 20215),
	(69, 20216),
	(69, 20217),
	(69, 20235),
	(69, 20239),
	(69, 20245),
	(69, 20256),
	(69, 20261),
	(69, 20271),
	(69, 20286),
	(69, 20293),
	(69, 20300),
	(69, 20301),
	(69, 20302),
	(69, 20303),
	(69, 20308),
	(69, 20344),
	(69, 20345),
	(69, 20346),
	(69, 20349),
	(69, 20354),
	(69, 20355),
	(69, 20357),
	(69, 20425),
	(69, 20467),
	(69, 20488),
	(69, 20729),
	(69, 20773),
	(69, 20930),
	(69, 20961),
	(69, 20962),
	(69, 20963),
	(69, 20964),
	(69, 20965),
	(69, 20966),
	(69, 20967),
	(69, 20968),
	(69, 23214),
	(69, 24239),
	(69, 25290),
	(69, 25291),
	(69, 25292),
	(69, 25780),
	(69, 25781),
	(69, 25829),
	(69, 25836),
	(69, 25890),
	(69, 25895),
	(69, 25898),
	(69, 25899),
	(69, 25902),
	(69, 25903),
	(69, 25911),
	(69, 25912),
	(69, 25913),
	(69, 25914),
	(69, 25916),
	(69, 25918),
	(69, 25997),
	(69, 33391),
	(71, 131),
	(71, 526),
	(71, 546),
	(71, 556),
	(71, 2484),
	(71, 2645),
	(71, 2870),
	(71, 6196),
	(71, 6495),
	(71, 8012),
	(71, 8143),
	(71, 8166),
	(71, 8170),
	(71, 8177),
	(71, 10408),
	(71, 10414),
	(71, 10428),
	(71, 10432),
	(71, 10438),
	(71, 10463),
	(71, 10468),
	(71, 10473),
	(71, 10479),
	(71, 10497),
	(71, 10538),
	(71, 10587),
	(71, 10601),
	(71, 10605),
	(71, 10614),
	(71, 11315),
	(71, 15112),
	(71, 15208),
	(71, 16089),
	(71, 16112),
	(71, 16114),
	(71, 16120),
	(71, 16160),
	(71, 16164),
	(71, 16188),
	(71, 16217),
	(71, 16221),
	(71, 16225),
	(71, 16234),
	(71, 16316),
	(71, 16342),
	(71, 16356),
	(71, 16362),
	(71, 16387),
	(71, 16582),
	(71, 20608),
	(71, 20777),
	(71, 21169),
	(71, 25012),
	(71, 25076),
	(71, 25359),
	(71, 25361),
	(71, 25908),
	(71, 26363),
	(71, 26364),
	(71, 26365),
	(71, 26366),
	(71, 26367),
	(71, 26369),
	(71, 26370),
	(71, 28998),
	(71, 29000),
	(71, 29065),
	(71, 29228),
	(72, 1020),
	(72, 1038),
	(72, 1044),
	(72, 1152),
	(72, 3127),
	(72, 3922),
	(72, 3923),
	(72, 3924),
	(72, 3925),
	(72, 3926),
	(72, 3928),
	(72, 3929),
	(72, 3930),
	(72, 3931),
	(72, 3932),
	(72, 3933),
	(72, 3934),
	(72, 3936),
	(72, 3937),
	(72, 3938),
	(72, 3939),
	(72, 3940),
	(72, 3941),
	(72, 3942),
	(72, 3944),
	(72, 3945),
	(72, 3946),
	(72, 3947),
	(72, 3949),
	(72, 3950),
	(72, 3952),
	(72, 3953),
	(72, 3954),
	(72, 3955),
	(72, 3956),
	(72, 3957),
	(72, 3958),
	(72, 3959),
	(72, 3960),
	(72, 3961),
	(72, 3962),
	(72, 3963),
	(72, 3965),
	(72, 3966),
	(72, 3967),
	(72, 3968),
	(72, 3969),
	(72, 3971),
	(72, 3972),
	(72, 3973),
	(72, 3977),
	(72, 3978),
	(72, 3979),
	(72, 4073),
	(72, 4987),
	(72, 5573),
	(72, 6458),
	(72, 7430),
	(72, 8243),
	(72, 8334),
	(72, 8339),
	(72, 8895),
	(72, 9269),
	(72, 9271),
	(72, 9273),
	(72, 9453),
	(72, 10278),
	(72, 10293),
	(72, 10301),
	(72, 10308),
	(72, 10310),
	(72, 10314),
	(72, 10318),
	(72, 10326),
	(72, 12584),
	(72, 12585),
	(72, 12586),
	(72, 12587),
	(72, 12589),
	(72, 12590),
	(72, 12591),
	(72, 12594),
	(72, 12595),
	(72, 12596),
	(72, 12597),
	(72, 12599),
	(72, 12603),
	(72, 12607),
	(72, 12614),
	(72, 12615),
	(72, 12616),
	(72, 12617),
	(72, 12618),
	(72, 12619),
	(72, 12620),
	(72, 12621),
	(72, 12622),
	(72, 12624),
	(72, 12715),
	(72, 12716),
	(72, 12717),
	(72, 12718),
	(72, 12719),
	(72, 12720),
	(72, 12722),
	(72, 12749),
	(72, 12754),
	(72, 12755),
	(72, 12758),
	(72, 12759),
	(72, 12760),
	(72, 12895),
	(72, 12897),
	(72, 12899),
	(72, 12900),
	(72, 12902),
	(72, 12903),
	(72, 12904),
	(72, 12905),
	(72, 12906),
	(72, 12907),
	(72, 12908),
	(72, 13166),
	(72, 13240),
	(72, 13258),
	(72, 13819),
	(72, 15255),
	(72, 15628),
	(72, 15633),
	(72, 19567),
	(72, 19746),
	(72, 19752),
	(72, 19788),
	(72, 19790),
	(72, 19791),
	(72, 19792),
	(72, 19793),
	(72, 19794),
	(72, 19795),
	(72, 19796),
	(72, 19799),
	(72, 19800),
	(72, 19804),
	(72, 19814),
	(72, 19815),
	(72, 19819),
	(72, 19825),
	(72, 19830),
	(72, 19831),
	(72, 19833),
	(72, 19896),
	(72, 19898),
	(72, 19900),
	(72, 19943),
	(72, 19968),
	(72, 19979),
	(72, 19980),
	(72, 19981),
	(72, 19982),
	(72, 19993),
	(72, 20059),
	(72, 20064),
	(72, 20066),
	(72, 20105),
	(72, 20113),
	(72, 20121),
	(72, 20164),
	(72, 20184),
	(72, 20185),
	(72, 20186),
	(72, 20188),
	(72, 20208),
	(72, 20215),
	(72, 20219),
	(72, 20222),
	(72, 20239),
	(72, 20261),
	(72, 20271),
	(72, 20286),
	(72, 20300),
	(72, 20301),
	(72, 20302),
	(72, 20303),
	(72, 20308),
	(72, 20344),
	(72, 20345),
	(72, 20346),
	(72, 20349),
	(72, 20354),
	(72, 20355),
	(72, 20357),
	(72, 20425),
	(72, 20467),
	(72, 20729),
	(72, 20773),
	(72, 20920),
	(72, 20924),
	(72, 20961),
	(72, 20962),
	(72, 20963),
	(72, 20964),
	(72, 20965),
	(72, 20966),
	(72, 20967),
	(72, 20968),
	(72, 21940),
	(72, 22704),
	(72, 22793),
	(72, 22795),
	(72, 22797),
	(72, 23066),
	(72, 23067),
	(72, 23068),
	(72, 23069),
	(72, 23070),
	(72, 23071),
	(72, 23077),
	(72, 23078),
	(72, 23079),
	(72, 23080),
	(72, 23081),
	(72, 23082),
	(72, 23096),
	(72, 23129),
	(72, 23214),
	(72, 23486),
	(72, 23489),
	(72, 23507),
	(72, 24239),
	(72, 24356),
	(72, 24357),
	(72, 25290),
	(72, 25291),
	(72, 25292),
	(72, 25780),
	(72, 25781),
	(72, 25890),
	(72, 25895),
	(72, 25899),
	(72, 25902),
	(72, 25903),
	(72, 25911),
	(72, 25912),
	(72, 25913),
	(72, 25914),
	(72, 25916),
	(72, 25918),
	(72, 25957),
	(72, 25988),
	(72, 25997),
	(72, 26011),
	(72, 26023),
	(72, 26416),
	(72, 26417),
	(72, 26418),
	(72, 26420),
	(72, 26421),
	(72, 26422),
	(72, 26423),
	(72, 26424),
	(72, 26425),
	(72, 26426),
	(72, 26427),
	(72, 26428),
	(72, 26442),
	(72, 26443),
	(72, 28327),
	(72, 33391),
	(73, 122),
	(73, 130),
	(73, 475),
	(73, 759),
	(73, 1953),
	(73, 2139),
	(73, 2389),
	(73, 2397),
	(73, 2539),
	(73, 2541),
	(73, 2542),
	(73, 2543),
	(73, 2544),
	(73, 2546),
	(73, 2547),
	(73, 2795),
	(73, 2855),
	(73, 2964),
	(73, 3276),
	(73, 3277),
	(73, 3278),
	(73, 3370),
	(73, 3371),
	(73, 3372),
	(73, 3373),
	(73, 3376),
	(73, 3399),
	(73, 3400),
	(73, 3552),
	(73, 3561),
	(73, 3562),
	(73, 3565),
	(73, 3755),
	(73, 3757),
	(73, 3758),
	(73, 3813),
	(73, 3839),
	(73, 3844),
	(73, 3848),
	(73, 3851),
	(73, 3854),
	(73, 3855),
	(73, 3858),
	(73, 3859),
	(73, 3860),
	(73, 3863),
	(73, 3864),
	(73, 3865),
	(73, 3872),
	(73, 4094),
	(73, 6499),
	(73, 6500),
	(73, 6693),
	(73, 7301),
	(73, 7411),
	(73, 7443),
	(73, 7620),
	(73, 7630),
	(73, 7639),
	(73, 7643),
	(73, 7751),
	(73, 7893),
	(73, 7928),
	(73, 7929),
	(73, 7934),
	(73, 8758),
	(73, 8760),
	(73, 8762),
	(73, 8766),
	(73, 8776),
	(73, 8780),
	(73, 8782),
	(73, 8784),
	(73, 8786),
	(73, 8791),
	(73, 8795),
	(73, 8797),
	(73, 8799),
	(73, 10053),
	(73, 10054),
	(73, 10059),
	(73, 10140),
	(73, 10151),
	(73, 10157),
	(73, 10161),
	(73, 10174),
	(73, 10181),
	(73, 10187),
	(73, 10193),
	(73, 10199),
	(73, 10202),
	(73, 10207),
	(73, 10212),
	(73, 10220),
	(73, 10225),
	(73, 10840),
	(73, 10841),
	(73, 10846),
	(73, 11416),
	(73, 11419),
	(73, 11958),
	(73, 12046),
	(73, 12051),
	(73, 12053),
	(73, 12056),
	(73, 12059),
	(73, 12060),
	(73, 12061),
	(73, 12065),
	(73, 12066),
	(73, 12067),
	(73, 12069),
	(73, 12070),
	(73, 12072),
	(73, 12078),
	(73, 12081),
	(73, 12084),
	(73, 12088),
	(73, 12092),
	(73, 12180),
	(73, 12472),
	(73, 12475),
	(73, 12490),
	(73, 12519),
	(73, 12577),
	(73, 12592),
	(73, 12598),
	(73, 12606),
	(73, 12826),
	(73, 12953),
	(73, 12985),
	(73, 13028),
	(73, 13033),
	(73, 15053),
	(73, 15855),
	(73, 15856),
	(73, 15861),
	(73, 15933),
	(73, 16758),
	(73, 16766),
	(73, 16770),
	(73, 18260),
	(73, 18401),
	(73, 18402),
	(73, 18403),
	(73, 18404),
	(73, 18405),
	(73, 18406),
	(73, 18407),
	(73, 18409),
	(73, 18411),
	(73, 18412),
	(73, 18415),
	(73, 18417),
	(73, 18419),
	(73, 18420),
	(73, 18422),
	(73, 18423),
	(73, 18424),
	(73, 18437),
	(73, 18438),
	(73, 18439),
	(73, 18440),
	(73, 18441),
	(73, 18442),
	(73, 18444),
	(73, 18445),
	(73, 18448),
	(73, 18449),
	(73, 18451),
	(73, 18453),
	(73, 18560),
	(73, 18629),
	(73, 18630),
	(73, 21143),
	(73, 21144),
	(73, 21175),
	(73, 22480),
	(73, 22761),
	(73, 22783),
	(73, 23028),
	(73, 23664),
	(73, 23787),
	(73, 26086),
	(73, 28574),
	(73, 28609),
	(73, 28612),
	(73, 29440),
	(73, 33391),
	(76, 528),
	(76, 552),
	(76, 988),
	(76, 1706),
	(76, 2053),
	(76, 6064),
	(76, 6346),
	(76, 10876),
	(76, 10890),
	(76, 10894),
	(76, 10901),
	(76, 10909),
	(76, 10912),
	(76, 10917),
	(76, 10934),
	(76, 10938),
	(76, 10942),
	(76, 10947),
	(76, 10952),
	(76, 10953),
	(76, 10955),
	(76, 10958),
	(76, 14751),
	(76, 14767),
	(76, 14769),
	(76, 14774),
	(76, 14791),
	(76, 15012),
	(76, 15261),
	(76, 15286),
	(76, 15310),
	(76, 15316),
	(76, 15317),
	(76, 15326),
	(76, 15328),
	(76, 15334),
	(76, 15448),
	(76, 15473),
	(76, 15487),
	(76, 17325),
	(76, 18807),
	(76, 19243),
	(76, 19275),
	(76, 19280),
	(76, 20770),
	(76, 21564),
	(76, 23455),
	(76, 23458),
	(76, 23459),
	(76, 25314),
	(76, 25315),
	(76, 25316),
	(76, 27683),
	(76, 27803),
	(76, 27804),
	(76, 27805),
	(76, 27840),
	(77, 768),
	(77, 783),
	(77, 1066),
	(77, 2782),
	(77, 2893),
	(77, 3025),
	(77, 5209),
	(77, 5225),
	(77, 5229),
	(77, 5421),
	(77, 6795),
	(77, 8946),
	(77, 8983),
	(77, 9634),
	(77, 9821),
	(77, 9827),
	(77, 9830),
	(77, 9835),
	(77, 9846),
	(77, 9850),
	(77, 9853),
	(77, 9858),
	(77, 9863),
	(77, 9867),
	(77, 9881),
	(77, 9885),
	(77, 9892),
	(77, 9896),
	(77, 9898),
	(77, 9901),
	(77, 9904),
	(77, 9907),
	(77, 9908),
	(77, 9910),
	(77, 9912),
	(77, 9913),
	(77, 16818),
	(77, 16820),
	(77, 16825),
	(77, 16847),
	(77, 16880),
	(77, 16901),
	(77, 16913),
	(77, 16920),
	(77, 17055),
	(77, 17068),
	(77, 17073),
	(77, 17113),
	(77, 17116),
	(77, 17329),
	(77, 17402),
	(77, 18658),
	(77, 18960),
	(77, 20719),
	(77, 20748),
	(77, 21178),
	(77, 21850),
	(77, 22570),
	(77, 22812),
	(77, 22839),
	(77, 22896),
	(77, 24968),
	(77, 24977),
	(77, 25297),
	(77, 25298),
	(77, 25299),
	(77, 29166),
	(77, 31018);

    -- Dumping structure for table mangos.player_premade_spell_template
CREATE TABLE IF NOT EXISTS `player_premade_spell_template` (
  `entry` int(10) unsigned NOT NULL,
  `class` tinyint(3) unsigned NOT NULL DEFAULT 0,
  `level` tinyint(3) unsigned NOT NULL DEFAULT 60,
  `role` tinyint(3) unsigned NOT NULL DEFAULT 0,
  `name` varchar(50) DEFAULT '',
  PRIMARY KEY (`entry`)
) ENGINE=InnoDB DEFAULT CHARSET=utf8mb3 COLLATE=utf8mb3_unicode_ci;

-- Dumping data for table mangos.player_premade_spell_template: ~74 rows (approximately)
INSERT IGNORE `player_premade_spell_template` (`entry`, `class`, `level`, `role`, `name`) VALUES
	(1, 1, 60, 1, 'fury-dw-pve'),
	(2, 2, 60, 1, 'retribution-pve'),
	(3, 3, 60, 2, 'mm-sv-pve'),
	(4, 4, 60, 1, 'combat-swords-pve'),
	(5, 5, 60, 2, 'shadow-pve'),
	(6, 7, 60, 2, 'elemental-pve'),
	(7, 8, 60, 2, 'arcane-power-frost-pve'),
	(8, 9, 60, 2, 'ds-ruin-pve'),
	(9, 11, 60, 2, 'balance-pve'),
	(10, 2, 60, 4, 'holy-pve'),
	(11, 5, 60, 4, 'holy-pve'),
	(12, 7, 60, 4, 'resto-pve'),
	(13, 11, 60, 4, 'resto-swiftmend-pve'),
	(14, 1, 60, 3, 'protection-pve'),
	(15, 2, 60, 3, 'protection-pve'),
	(16, 11, 60, 3, 'feral-bear-pve'),
	(17, 1, 19, 1, 'arms-fury-19-twink'),
	(18, 1, 29, 1, 'arms-29-twink'),
	(19, 1, 39, 1, 'arms-39-twink'),
	(20, 1, 49, 1, 'arms-49-twink'),
	(21, 2, 19, 1, 'prot-ret-19-twink'),
	(22, 2, 29, 1, 'retribution-29-twink'),
	(23, 2, 39, 1, 'retribution-39-twink'),
	(24, 2, 49, 1, 'retribution-49-twink'),
	(25, 3, 19, 2, 'mm-survival-19-twink'),
	(26, 3, 29, 2, 'mm-29-twink'),
	(27, 3, 39, 2, 'mm-39-twink'),
	(28, 3, 49, 2, 'mm-49-twink'),
	(29, 4, 19, 1, 'daggers-19-twink'),
	(30, 4, 29, 1, 'assa-daggers-29-twink'),
	(31, 4, 39, 1, 'assa-daggers-39-twink'),
	(32, 4, 49, 1, 'assa-daggers-49-twink'),
	(33, 5, 19, 2, 'holy-shadow-19-twink'),
	(34, 5, 29, 2, 'shadow-29-twink'),
	(35, 5, 39, 2, 'shadow-39-twink'),
	(36, 5, 49, 2, 'shadow-49-twink'),
	(37, 7, 19, 1, 'ele-enha-19-twink'),
	(38, 7, 29, 1, 'enha-29-twink'),
	(39, 7, 39, 1, 'enha-39-twink'),
	(40, 7, 49, 1, 'enha-49-twink'),
	(41, 7, 60, 1, 'enha-resto-pve'),
	(42, 8, 19, 2, 'frost-19-twink'),
	(43, 8, 29, 2, 'frost-29-twink'),
	(44, 8, 39, 2, 'frost-39-twink'),
	(45, 8, 49, 2, 'frost-49-twink'),
	(46, 9, 19, 2, 'affli-demo-19-twink'),
	(47, 9, 29, 2, 'affliction-29-twink'),
	(48, 9, 39, 2, 'affliction-39-twink'),
	(49, 9, 49, 2, 'affli-sb-49-twink'),
	(50, 11, 19, 2, 'balance-fc-19-twink'),
	(51, 11, 29, 1, 'feral-fc-29-twink'),
	(52, 11, 39, 1, 'feral-fc-39-twink'),
	(53, 11, 49, 1, 'feral-fc-49-twink'),
	(54, 8, 60, 2, 'pomfrost'),
	(55, 9, 60, 2, 'destropvp'),
	(56, 8, 60, 2, 'elementalist'),
	(57, 5, 60, 4, 'disc-pvp'),
	(58, 5, 60, 2, 'shadow-pvp'),
	(59, 11, 60, 1, 'feral-pvp'),
	(60, 9, 60, 2, 'soullink'),
	(61, 4, 60, 1, 'prep'),
	(62, 4, 60, 1, 'hemo'),
	(63, 4, 60, 1, 'sealfate'),
	(64, 9, 60, 2, 'soullink-coex'),
	(65, 1, 60, 1, 'arms-pvp'),
	(66, 3, 60, 2, 'MarksSurvival-PvP'),
	(67, 3, 60, 2, 'BMSurvival-PvP'),
	(69, 2, 60, 1, 'RetHoly-PvP'),
	(70, 7, 60, 2, 'NSEle-PvP'),
	(71, 7, 60, 1, 'NSEnh-PvP'),
	(72, 2, 60, 4, 'Holy-PvP'),
	(73, 8, 60, 2, 'DeepFrost-PvP'),
	(76, 5, 60, 2, 'Shadow-PvP'),
	(77, 11, 60, 2, 'Balance-PvP');
